time (s),v("/A0" ?result "tran") (V)
0.000,1.000
48.83E-15,999.5E-3
146.5E-15,998.5E-3
341.8E-15,996.6E-3
609.9E-15,993.9E-3
1.146E-12,988.5E-3
1.969E-12,980.3E-3
3.615E-12,963.8E-3
6.132E-12,938.7E-3
9.591E-12,904.1E-3
14.18E-12,858.2E-3
20.31E-12,796.9E-3
28.02E-12,719.8E-3
32.60E-12,674.0E-3
38.89E-12,611.1E-3
43.43E-12,565.7E-3
46.72E-12,532.8E-3
50.00E-12,500.0E-3
50.05E-12,499.5E-3
50.16E-12,498.4E-3
50.21E-12,497.9E-3
50.31E-12,496.9E-3
50.52E-12,494.8E-3
50.93E-12,490.7E-3
51.76E-12,482.4E-3
53.42E-12,465.8E-3
56.01E-12,439.9E-3
58.82E-12,411.8E-3
62.21E-12,377.9E-3
65.10E-12,349.0E-3
68.40E-12,316.0E-3
72.95E-12,270.5E-3
76.28E-12,237.2E-3
79.25E-12,207.5E-3
83.03E-12,169.7E-3
87.56E-12,124.4E-3
92.00E-12,79.95E-3
95.84E-12,41.60E-3
100.0E-12,0.000
100.1E-12,0.000
100.2E-12,0.000
100.3E-12,0.000
100.4E-12,0.000
100.7E-12,0.000
101.3E-12,0.000
102.4E-12,0.000
104.7E-12,0.000
109.3E-12,0.000
117.6E-12,0.000
127.7E-12,0.000
138.5E-12,0.000
150.5E-12,0.000
159.7E-12,0.000
169.2E-12,0.000
178.4E-12,0.000
190.4E-12,0.000
200.0E-12,0.000
200.2E-12,0.000
200.6E-12,0.000
201.5E-12,0.000
201.9E-12,0.000
202.8E-12,0.000
204.5E-12,0.000
207.9E-12,0.000
214.7E-12,0.000
221.7E-12,0.000
229.0E-12,0.000
238.0E-12,0.000
246.8E-12,0.000
258.7E-12,0.000
271.3E-12,0.000
285.7E-12,0.000
302.1E-12,0.000
322.4E-12,0.000
338.3E-12,0.000
355.3E-12,0.000
373.4E-12,0.000
386.7E-12,0.000
400.0E-12,0.000
400.3E-12,0.000
400.9E-12,0.000
401.2E-12,0.000
401.8E-12,0.000
403.0E-12,0.000
405.5E-12,0.000
410.3E-12,0.000
420.1E-12,0.000
435.9E-12,0.000
454.5E-12,0.000
477.4E-12,0.000
507.1E-12,0.000
553.4E-12,0.000
618.8E-12,0.000
706.8E-12,0.000
820.7E-12,0.000
976.1E-12,0.000
1.182E-9,0.000
1.458E-9,0.000
1.842E-9,0.000
2.171E-9,0.000
2.500E-9,0.000
2.500E-9,0.000
2.501E-9,0.000
2.501E-9,0.000
2.502E-9,0.000
2.504E-9,0.000
2.509E-9,0.000
2.515E-9,0.000
2.524E-9,0.000
2.527E-9,0.000
2.530E-9,0.000
2.534E-9,0.000
2.536E-9,0.000
2.539E-9,0.000
2.540E-9,0.000
2.542E-9,0.000
2.544E-9,0.000
2.546E-9,0.000
2.547E-9,0.000
2.549E-9,0.000
2.550E-9,0.000
2.550E-9,0.000
2.550E-9,0.000
2.550E-9,0.000
2.550E-9,0.000
2.550E-9,0.000
2.550E-9,0.000
2.551E-9,0.000
2.551E-9,0.000
2.551E-9,0.000
2.552E-9,0.000
2.555E-9,0.000
2.558E-9,0.000
2.561E-9,0.000
2.564E-9,0.000
2.568E-9,0.000
2.573E-9,0.000
2.578E-9,0.000
2.582E-9,0.000
2.587E-9,0.000
2.591E-9,0.000
2.597E-9,0.000
2.598E-9,0.000
2.601E-9,0.000
2.601E-9,0.000
2.602E-9,0.000
2.602E-9,0.000
2.603E-9,0.000
2.604E-9,0.000
2.607E-9,0.000
2.612E-9,0.000
2.616E-9,0.000
2.621E-9,0.000
2.627E-9,0.000
2.633E-9,0.000
2.640E-9,0.000
2.649E-9,0.000
2.660E-9,0.000
2.675E-9,0.000
2.695E-9,0.000
2.700E-9,0.000
2.710E-9,0.000
2.716E-9,0.000
2.721E-9,0.000
2.727E-9,0.000
2.730E-9,0.000
2.733E-9,0.000
2.736E-9,0.000
2.739E-9,0.000
2.742E-9,0.000
2.745E-9,0.000
2.748E-9,0.000
2.750E-9,0.000
2.753E-9,0.000
2.757E-9,0.000
2.759E-9,0.000
2.762E-9,0.000
2.765E-9,0.000
2.767E-9,0.000
2.770E-9,0.000
2.773E-9,0.000
2.776E-9,0.000
2.778E-9,0.000
2.781E-9,0.000
2.783E-9,0.000
2.786E-9,0.000
2.788E-9,0.000
2.791E-9,0.000
2.794E-9,0.000
2.798E-9,0.000
2.801E-9,0.000
2.803E-9,0.000
2.806E-9,0.000
2.810E-9,0.000
2.814E-9,0.000
2.818E-9,0.000
2.821E-9,0.000
2.824E-9,0.000
2.827E-9,0.000
2.829E-9,0.000
2.833E-9,0.000
2.836E-9,0.000
2.838E-9,0.000
2.841E-9,0.000
2.844E-9,0.000
2.848E-9,0.000
2.853E-9,0.000
2.854E-9,0.000
2.855E-9,0.000
2.858E-9,0.000
2.860E-9,0.000
2.863E-9,0.000
2.867E-9,0.000
2.870E-9,0.000
2.875E-9,0.000
2.878E-9,0.000
2.881E-9,0.000
2.885E-9,0.000
2.888E-9,0.000
2.893E-9,0.000
2.898E-9,0.000
2.900E-9,0.000
2.903E-9,0.000
2.907E-9,0.000
2.910E-9,0.000
2.912E-9,0.000
2.915E-9,0.000
2.917E-9,0.000
2.920E-9,0.000
2.923E-9,0.000
2.926E-9,0.000
2.928E-9,0.000
2.931E-9,0.000
2.933E-9,0.000
2.936E-9,0.000
2.938E-9,0.000
2.941E-9,0.000
2.943E-9,0.000
2.946E-9,0.000
2.949E-9,0.000
2.951E-9,0.000
2.954E-9,0.000
2.957E-9,0.000
2.959E-9,0.000
2.962E-9,0.000
2.965E-9,0.000
2.969E-9,0.000
2.971E-9,0.000
2.974E-9,0.000
2.977E-9,0.000
2.980E-9,0.000
2.983E-9,0.000
2.986E-9,0.000
2.989E-9,0.000
2.992E-9,0.000
2.995E-9,0.000
2.998E-9,0.000
3.000E-9,0.000
3.003E-9,0.000
3.007E-9,0.000
3.009E-9,0.000
3.012E-9,0.000
3.016E-9,0.000
3.020E-9,0.000
3.022E-9,0.000
3.025E-9,0.000
3.028E-9,0.000
3.031E-9,0.000
3.035E-9,0.000
3.039E-9,0.000
3.045E-9,0.000
3.051E-9,0.000
3.059E-9,0.000
3.066E-9,0.000
3.072E-9,0.000
3.076E-9,0.000
3.080E-9,0.000
3.084E-9,0.000
3.088E-9,0.000
3.090E-9,0.000
3.093E-9,0.000
3.096E-9,0.000
3.098E-9,0.000
3.101E-9,0.000
3.103E-9,0.000
3.106E-9,0.000
3.109E-9,0.000
3.112E-9,0.000
3.116E-9,0.000
3.121E-9,0.000
3.127E-9,0.000
3.134E-9,0.000
3.142E-9,0.000
3.148E-9,0.000
3.155E-9,0.000
3.159E-9,0.000
3.163E-9,0.000
3.166E-9,0.000
3.169E-9,0.000
3.173E-9,0.000
3.178E-9,0.000
3.184E-9,0.000
3.191E-9,0.000
3.196E-9,0.000
3.203E-9,0.000
3.206E-9,0.000
3.209E-9,0.000
3.212E-9,0.000
3.216E-9,0.000
3.219E-9,0.000
3.221E-9,0.000
3.225E-9,0.000
3.229E-9,0.000
3.231E-9,0.000
3.234E-9,0.000
3.237E-9,0.000
3.239E-9,0.000
3.242E-9,0.000
3.244E-9,0.000
3.247E-9,0.000
3.250E-9,0.000
3.253E-9,0.000
3.257E-9,0.000
3.262E-9,0.000
3.268E-9,0.000
3.274E-9,0.000
3.283E-9,0.000
3.295E-9,0.000
3.313E-9,0.000
3.345E-9,0.000
3.408E-9,0.000
3.516E-9,0.000
3.714E-9,0.000
4.077E-9,0.000
4.538E-9,0.000
5.000E-9,0.000
5.000E-9,488.3E-6
5.000E-9,1.465E-3
5.000E-9,3.418E-3
5.001E-9,7.074E-3
5.001E-9,11.74E-3
5.002E-9,21.06E-3
5.004E-9,39.71E-3
5.007E-9,69.56E-3
5.011E-9,113.7E-3
5.018E-9,182.9E-3
5.028E-9,279.9E-3
5.033E-9,328.7E-3
5.040E-9,400.0E-3
5.045E-9,450.2E-3
5.050E-9,500.0E-3
5.050E-9,500.9E-3
5.050E-9,502.6E-3
5.051E-9,506.0E-3
5.051E-9,507.4E-3
5.051E-9,510.0E-3
5.052E-9,515.4E-3
5.053E-9,526.1E-3
5.055E-9,547.5E-3
5.058E-9,582.0E-3
5.061E-9,613.5E-3
5.065E-9,646.7E-3
5.068E-9,683.0E-3
5.073E-9,731.0E-3
5.077E-9,768.3E-3
5.081E-9,811.3E-3
5.086E-9,863.3E-3
5.091E-9,908.6E-3
5.095E-9,952.9E-3
5.100E-9,1.000
5.100E-9,1.000
5.100E-9,1.000
5.101E-9,1.000
5.101E-9,1.000
5.101E-9,1.000
5.102E-9,1.000
5.104E-9,1.000
5.107E-9,1.000
5.113E-9,1.000
5.120E-9,1.000
5.128E-9,1.000
5.138E-9,1.000
5.151E-9,1.000
5.168E-9,1.000
5.185E-9,1.000
5.201E-9,1.000
5.216E-9,1.000
5.234E-9,1.000
5.258E-9,1.000
5.295E-9,1.000
5.350E-9,1.000
5.419E-9,1.000
5.511E-9,1.000
5.631E-9,1.000
5.796E-9,1.000
6.018E-9,1.000
6.204E-9,1.000
6.420E-9,1.000
6.504E-9,1.000
6.673E-9,1.000
6.869E-9,1.000
7.184E-9,1.000
7.500E-9,1.000
7.500E-9,1.000
7.501E-9,1.000
7.501E-9,1.000
7.502E-9,1.000
7.504E-9,1.000
7.508E-9,1.000
7.514E-9,1.000
7.522E-9,1.000
7.526E-9,1.000
7.529E-9,1.000
7.533E-9,1.000
7.536E-9,1.000
7.539E-9,1.000
7.542E-9,1.000
7.543E-9,1.000
7.545E-9,1.000
7.547E-9,1.000
7.548E-9,1.000
7.550E-9,1.000
7.550E-9,1.000
7.550E-9,1.000
7.550E-9,1.000
7.550E-9,1.000
7.550E-9,1.000
7.551E-9,1.000
7.551E-9,1.000
7.552E-9,1.000
7.554E-9,1.000
7.557E-9,1.000
7.560E-9,1.000
7.564E-9,1.000
7.569E-9,1.000
7.572E-9,1.000
7.576E-9,1.000
7.580E-9,1.000
7.584E-9,1.000
7.590E-9,1.000
7.596E-9,1.000
7.601E-9,1.000
7.607E-9,1.000
7.612E-9,1.000
7.614E-9,1.000
7.618E-9,1.000
7.621E-9,1.000
7.624E-9,1.000
7.625E-9,1.000
7.627E-9,1.000
7.631E-9,1.000
7.636E-9,1.000
7.641E-9,1.000
7.647E-9,1.000
7.654E-9,1.000
7.660E-9,1.000
7.666E-9,1.000
7.670E-9,1.000
7.673E-9,1.000
7.677E-9,1.000
7.681E-9,1.000
7.686E-9,1.000
7.692E-9,1.000
7.697E-9,1.000
7.701E-9,1.000
7.704E-9,1.000
7.707E-9,1.000
7.709E-9,1.000
7.712E-9,1.000
7.714E-9,1.000
7.718E-9,1.000
7.721E-9,1.000
7.726E-9,1.000
7.728E-9,1.000
7.731E-9,1.000
7.734E-9,1.000
7.736E-9,1.000
7.740E-9,1.000
7.743E-9,1.000
7.746E-9,1.000
7.751E-9,1.000
7.757E-9,1.000
7.765E-9,1.000
7.774E-9,1.000
7.788E-9,1.000
7.809E-9,1.000
7.849E-9,1.000
7.929E-9,1.000
8.064E-9,1.000
8.235E-9,1.000
8.459E-9,1.000
8.757E-9,1.000
9.171E-9,1.000
9.585E-9,1.000
10.00E-9,1.000
10.00E-9,999.5E-3
10.00E-9,998.5E-3
10.00E-9,996.6E-3
10.00E-9,993.1E-3
10.00E-9,988.4E-3
10.00E-9,978.9E-3
10.00E-9,960.0E-3
10.01E-9,932.3E-3
10.01E-9,894.2E-3
10.02E-9,840.7E-3
10.02E-9,765.8E-3
10.03E-9,676.2E-3
10.04E-9,600.1E-3
10.05E-9,545.4E-3
10.05E-9,500.0E-3
10.05E-9,499.2E-3
10.05E-9,497.5E-3
10.05E-9,494.2E-3
10.05E-9,489.1E-3
10.05E-9,486.8E-3
10.05E-9,482.4E-3
10.05E-9,473.5E-3
10.05E-9,469.0E-3
10.05E-9,460.1E-3
10.06E-9,442.3E-3
10.06E-9,414.0E-3
10.06E-9,384.9E-3
10.06E-9,354.2E-3
10.07E-9,320.3E-3
10.07E-9,277.2E-3
10.08E-9,242.1E-3
10.08E-9,203.4E-3
10.08E-9,157.5E-3
10.09E-9,107.1E-3
10.09E-9,66.99E-3
10.10E-9,7.661E-15
10.10E-9,0.000
10.10E-9,0.000
10.10E-9,0.000
10.10E-9,0.000
10.10E-9,0.000
10.11E-9,0.000
10.11E-9,0.000
10.12E-9,0.000
10.13E-9,0.000
10.14E-9,0.000
10.15E-9,0.000
10.16E-9,0.000
10.17E-9,0.000
10.18E-9,0.000
10.19E-9,0.000
10.20E-9,0.000
10.20E-9,0.000
10.20E-9,0.000
10.20E-9,0.000
10.20E-9,0.000
10.20E-9,0.000
10.20E-9,0.000
10.21E-9,0.000
10.21E-9,0.000
10.22E-9,0.000
10.23E-9,0.000
10.25E-9,0.000
10.26E-9,0.000
10.28E-9,0.000
10.29E-9,0.000
10.31E-9,0.000
10.34E-9,0.000
10.37E-9,0.000
10.42E-9,0.000
10.48E-9,0.000
10.57E-9,0.000
10.68E-9,0.000
10.83E-9,0.000
11.01E-9,0.000
11.19E-9,0.000
11.40E-9,0.000
11.49E-9,0.000
11.68E-9,0.000
11.87E-9,0.000
12.25E-9,0.000
12.50E-9,0.000
12.50E-9,0.000
12.50E-9,0.000
12.50E-9,0.000
12.50E-9,0.000
12.50E-9,0.000
12.51E-9,0.000
12.51E-9,0.000
12.52E-9,0.000
12.53E-9,0.000
12.53E-9,0.000
12.53E-9,0.000
12.54E-9,0.000
12.54E-9,0.000
12.54E-9,0.000
12.54E-9,0.000
12.54E-9,0.000
12.55E-9,0.000
12.55E-9,0.000
12.55E-9,0.000
12.55E-9,0.000
12.55E-9,0.000
12.55E-9,0.000
12.55E-9,0.000
12.55E-9,0.000
12.55E-9,0.000
12.55E-9,0.000
12.55E-9,0.000
12.55E-9,0.000
12.55E-9,0.000
12.55E-9,0.000
12.55E-9,0.000
12.56E-9,0.000
12.56E-9,0.000
12.56E-9,0.000
12.57E-9,0.000
12.57E-9,0.000
12.58E-9,0.000
12.58E-9,0.000
12.58E-9,0.000
12.59E-9,0.000
12.60E-9,0.000
12.60E-9,0.000
12.61E-9,0.000
12.61E-9,0.000
12.61E-9,0.000
12.62E-9,0.000
12.62E-9,0.000
12.62E-9,0.000
12.63E-9,0.000
12.63E-9,0.000
12.63E-9,0.000
12.63E-9,0.000
12.63E-9,0.000
12.64E-9,0.000
12.64E-9,0.000
12.64E-9,0.000
12.64E-9,0.000
12.64E-9,0.000
12.65E-9,0.000
12.66E-9,0.000
12.67E-9,0.000
12.69E-9,0.000
12.71E-9,0.000
12.74E-9,0.000
12.78E-9,0.000
12.85E-9,0.000
12.94E-9,0.000
13.06E-9,0.000
13.22E-9,0.000
13.45E-9,0.000
13.75E-9,0.000
14.16E-9,0.000
14.58E-9,0.000
15.00E-9,0.000
15.00E-9,1.953E-3
15.00E-9,5.859E-3
15.00E-9,13.67E-3
15.00E-9,22.82E-3
15.00E-9,38.31E-3
15.01E-9,64.95E-3
15.01E-9,108.6E-3
15.02E-9,173.1E-3
15.03E-9,269.3E-3
15.03E-9,319.7E-3
15.04E-9,370.3E-3
15.04E-9,422.5E-3
15.05E-9,461.3E-3
15.05E-9,500.0E-3
15.05E-9,500.8E-3
15.05E-9,502.3E-3
15.05E-9,505.4E-3
15.05E-9,510.1E-3
15.05E-9,512.1E-3
15.05E-9,516.1E-3
15.05E-9,524.1E-3
15.05E-9,540.1E-3
15.06E-9,572.1E-3
15.06E-9,603.7E-3
15.06E-9,635.8E-3
15.07E-9,668.9E-3
15.07E-9,714.0E-3
15.08E-9,753.0E-3
15.08E-9,792.3E-3
15.08E-9,839.1E-3
15.09E-9,879.9E-3
15.09E-9,920.7E-3
15.10E-9,960.3E-3
15.10E-9,1.000
15.10E-9,1.000
15.10E-9,1.000
15.10E-9,1.000
15.10E-9,1.000
15.10E-9,1.000
15.10E-9,1.000
15.10E-9,1.000
15.11E-9,1.000
15.11E-9,1.000
15.12E-9,1.000
15.13E-9,1.000
15.14E-9,1.000
15.15E-9,1.000
15.17E-9,1.000
15.19E-9,1.000
15.20E-9,1.000
15.22E-9,1.000
15.23E-9,1.000
15.26E-9,1.000
15.30E-9,1.000
15.35E-9,1.000
15.42E-9,1.000
15.52E-9,1.000
15.64E-9,1.000
15.81E-9,1.000
16.03E-9,1.000
16.22E-9,1.000
16.43E-9,1.000
16.52E-9,1.000
16.69E-9,1.000
16.90E-9,1.000
17.20E-9,1.000
17.50E-9,1.000
17.50E-9,1.000
17.50E-9,1.000
17.50E-9,1.000
17.50E-9,1.000
17.50E-9,1.000
17.51E-9,1.000
17.51E-9,1.000
17.52E-9,1.000
17.53E-9,1.000
17.53E-9,1.000
17.53E-9,1.000
17.54E-9,1.000
17.54E-9,1.000
17.54E-9,1.000
17.54E-9,1.000
17.55E-9,1.000
17.55E-9,1.000
17.55E-9,1.000
17.55E-9,1.000
17.55E-9,1.000
17.55E-9,1.000
17.55E-9,1.000
17.55E-9,1.000
17.55E-9,1.000
17.55E-9,1.000
17.55E-9,1.000
17.55E-9,1.000
17.55E-9,1.000
17.56E-9,1.000
17.56E-9,1.000
17.56E-9,1.000
17.57E-9,1.000
17.57E-9,1.000
17.57E-9,1.000
17.58E-9,1.000
17.58E-9,1.000
17.59E-9,1.000
17.60E-9,1.000
17.60E-9,1.000
17.61E-9,1.000
17.61E-9,1.000
17.61E-9,1.000
17.61E-9,1.000
17.61E-9,1.000
17.61E-9,1.000
17.61E-9,1.000
17.62E-9,1.000
17.62E-9,1.000
17.62E-9,1.000
17.62E-9,1.000
17.63E-9,1.000
17.63E-9,1.000
17.63E-9,1.000
17.64E-9,1.000
17.65E-9,1.000
17.65E-9,1.000
17.67E-9,1.000
17.68E-9,1.000
17.70E-9,1.000
17.73E-9,1.000
17.76E-9,1.000
17.83E-9,1.000
17.92E-9,1.000
18.04E-9,1.000
18.20E-9,1.000
18.41E-9,1.000
18.70E-9,1.000
19.09E-9,1.000
19.63E-9,1.000
20.00E-9,1.000
20.00E-9,998.0E-3
20.00E-9,994.1E-3
20.00E-9,986.3E-3
20.00E-9,977.0E-3
20.00E-9,961.0E-3
20.01E-9,936.1E-3
20.01E-9,896.5E-3
20.02E-9,847.0E-3
20.02E-9,779.1E-3
20.03E-9,698.1E-3
20.04E-9,646.9E-3
20.04E-9,587.0E-3
20.05E-9,539.0E-3
20.05E-9,500.0E-3
20.05E-9,499.4E-3
20.05E-9,498.1E-3
20.05E-9,495.7E-3
20.05E-9,491.6E-3
20.05E-9,490.0E-3
20.05E-9,486.7E-3
20.05E-9,480.1E-3
20.05E-9,476.9E-3
20.05E-9,470.3E-3
20.05E-9,457.2E-3
20.06E-9,431.1E-3
20.06E-9,402.3E-3
20.06E-9,371.5E-3
20.07E-9,339.7E-3
20.07E-9,299.3E-3
20.07E-9,261.9E-3
20.08E-9,226.9E-3
20.08E-9,186.9E-3
20.09E-9,134.5E-3
20.09E-9,92.29E-3
20.10E-9,46.13E-3
20.10E-9,0.000
20.10E-9,0.000
20.10E-9,0.000
20.10E-9,0.000
20.10E-9,0.000
20.10E-9,0.000
20.10E-9,0.000
20.10E-9,0.000
20.11E-9,0.000
20.11E-9,0.000
20.11E-9,0.000
20.12E-9,0.000
20.12E-9,0.000
20.13E-9,0.000
20.14E-9,0.000
20.14E-9,0.000
20.15E-9,0.000
20.16E-9,0.000
20.17E-9,0.000
20.18E-9,0.000
20.19E-9,0.000
20.20E-9,0.000
20.20E-9,0.000
20.20E-9,0.000
20.20E-9,0.000
20.20E-9,0.000
20.21E-9,0.000
20.21E-9,0.000
20.21E-9,0.000
20.22E-9,0.000
20.23E-9,0.000
20.24E-9,0.000
20.25E-9,0.000
20.26E-9,0.000
20.27E-9,0.000
20.28E-9,0.000
20.29E-9,0.000
20.31E-9,0.000
20.33E-9,0.000
20.35E-9,0.000
20.37E-9,0.000
20.39E-9,0.000
20.39E-9,0.000
20.40E-9,0.000
20.40E-9,0.000
20.40E-9,0.000
20.40E-9,0.000
20.40E-9,0.000
20.40E-9,0.000
20.40E-9,0.000
20.40E-9,0.000
20.41E-9,0.000
20.41E-9,0.000
20.41E-9,0.000
20.42E-9,0.000
20.44E-9,0.000
20.45E-9,0.000
20.47E-9,0.000
20.49E-9,0.000
20.52E-9,0.000
20.55E-9,0.000
20.60E-9,0.000
20.68E-9,0.000
20.77E-9,0.000
20.90E-9,0.000
21.06E-9,0.000
21.27E-9,0.000
21.49E-9,0.000
21.73E-9,0.000
21.92E-9,0.000
22.22E-9,0.000
22.50E-9,0.000
22.50E-9,0.000
22.50E-9,0.000
22.50E-9,0.000
22.50E-9,0.000
22.50E-9,0.000
22.51E-9,0.000
22.51E-9,0.000
22.52E-9,0.000
22.53E-9,0.000
22.53E-9,0.000
22.53E-9,0.000
22.54E-9,0.000
22.54E-9,0.000
22.54E-9,0.000
22.54E-9,0.000
22.54E-9,0.000
22.55E-9,0.000
22.55E-9,0.000
22.55E-9,0.000
22.55E-9,0.000
22.55E-9,0.000
22.55E-9,0.000
22.55E-9,0.000
22.55E-9,0.000
22.55E-9,0.000
22.55E-9,0.000
22.55E-9,0.000
22.55E-9,0.000
22.55E-9,0.000
22.55E-9,0.000
22.55E-9,0.000
22.56E-9,0.000
22.56E-9,0.000
22.56E-9,0.000
22.57E-9,0.000
22.57E-9,0.000
22.58E-9,0.000
22.58E-9,0.000
22.59E-9,0.000
22.59E-9,0.000
22.60E-9,0.000
22.61E-9,0.000
22.61E-9,0.000
22.62E-9,0.000
22.62E-9,0.000
22.62E-9,0.000
22.62E-9,0.000
22.63E-9,0.000
22.63E-9,0.000
22.63E-9,0.000
22.63E-9,0.000
22.64E-9,0.000
22.64E-9,0.000
22.65E-9,0.000
22.65E-9,0.000
22.66E-9,0.000
22.67E-9,0.000
22.68E-9,0.000
22.70E-9,0.000
22.72E-9,0.000
22.75E-9,0.000
22.79E-9,0.000
22.87E-9,0.000
22.96E-9,0.000
23.09E-9,0.000
23.26E-9,0.000
23.49E-9,0.000
23.80E-9,0.000
24.23E-9,0.000
24.62E-9,0.000
25.00E-9,0.000
25.00E-9,1.953E-3
25.00E-9,5.859E-3
25.00E-9,13.67E-3
25.00E-9,22.82E-3
25.00E-9,38.30E-3
25.01E-9,64.86E-3
25.01E-9,105.8E-3
25.02E-9,169.7E-3
25.03E-9,263.4E-3
25.03E-9,313.2E-3
25.04E-9,361.9E-3
25.04E-9,412.8E-3
25.05E-9,456.4E-3
25.05E-9,500.0E-3
25.05E-9,501.0E-3
25.05E-9,503.1E-3
25.05E-9,507.2E-3
25.05E-9,508.7E-3
25.05E-9,511.6E-3
25.05E-9,517.5E-3
25.05E-9,529.2E-3
25.05E-9,535.0E-3
25.05E-9,546.7E-3
25.06E-9,570.0E-3
25.06E-9,606.6E-3
25.06E-9,638.7E-3
25.07E-9,672.9E-3
25.07E-9,716.7E-3
25.08E-9,758.3E-3
25.08E-9,798.4E-3
25.08E-9,846.9E-3
25.09E-9,887.4E-3
25.09E-9,928.1E-3
25.10E-9,964.0E-3
25.10E-9,1.000
25.10E-9,1.000
25.10E-9,1.000
25.10E-9,1.000
25.10E-9,1.000
25.10E-9,1.000
25.10E-9,1.000
25.10E-9,1.000
25.11E-9,1.000
25.11E-9,1.000
25.12E-9,1.000
25.13E-9,1.000
25.14E-9,1.000
25.15E-9,1.000
25.16E-9,1.000
25.18E-9,1.000
25.20E-9,1.000
25.21E-9,1.000
25.23E-9,1.000
25.25E-9,1.000
25.29E-9,1.000
25.34E-9,1.000
25.40E-9,1.000
25.49E-9,1.000
25.60E-9,1.000
25.75E-9,1.000
25.96E-9,1.000
26.15E-9,1.000
26.36E-9,1.000
26.63E-9,1.000
26.83E-9,1.000
27.05E-9,1.000
27.27E-9,1.000
27.50E-9,1.000
27.50E-9,1.000
27.50E-9,1.000
27.50E-9,1.000
27.50E-9,1.000
27.50E-9,1.000
27.51E-9,1.000
27.51E-9,1.000
27.52E-9,1.000
27.53E-9,1.000
27.53E-9,1.000
27.53E-9,1.000
27.54E-9,1.000
27.54E-9,1.000
27.54E-9,1.000
27.54E-9,1.000
27.55E-9,1.000
27.55E-9,1.000
27.55E-9,1.000
27.55E-9,1.000
27.55E-9,1.000
27.55E-9,1.000
27.55E-9,1.000
27.55E-9,1.000
27.55E-9,1.000
27.55E-9,1.000
27.55E-9,1.000
27.55E-9,1.000
27.55E-9,1.000
27.55E-9,1.000
27.55E-9,1.000
27.56E-9,1.000
27.56E-9,1.000
27.56E-9,1.000
27.57E-9,1.000
27.57E-9,1.000
27.58E-9,1.000
27.58E-9,1.000
27.59E-9,1.000
27.59E-9,1.000
27.60E-9,1.000
27.60E-9,1.000
27.61E-9,1.000
27.61E-9,1.000
27.62E-9,1.000
27.62E-9,1.000
27.62E-9,1.000
27.63E-9,1.000
27.63E-9,1.000
27.63E-9,1.000
27.63E-9,1.000
27.64E-9,1.000
27.64E-9,1.000
27.65E-9,1.000
27.66E-9,1.000
27.67E-9,1.000
27.68E-9,1.000
27.70E-9,1.000
27.73E-9,1.000
27.76E-9,1.000
27.83E-9,1.000
27.91E-9,1.000
28.03E-9,1.000
28.17E-9,1.000
28.38E-9,1.000
28.65E-9,1.000
29.03E-9,1.000
29.54E-9,1.000
30.00E-9,1.000
30.00E-9,998.0E-3
30.00E-9,994.1E-3
30.00E-9,986.3E-3
30.00E-9,977.1E-3
30.00E-9,961.2E-3
30.01E-9,936.2E-3
30.01E-9,895.7E-3
30.02E-9,843.6E-3
30.02E-9,769.0E-3
30.03E-9,682.0E-3
30.04E-9,628.7E-3
30.04E-9,573.1E-3
30.05E-9,536.5E-3
30.05E-9,500.0E-3
30.05E-9,499.2E-3
30.05E-9,497.7E-3
30.05E-9,494.7E-3
30.05E-9,490.1E-3
30.05E-9,488.1E-3
30.05E-9,484.1E-3
30.05E-9,476.2E-3
30.05E-9,472.2E-3
30.05E-9,464.3E-3
30.06E-9,448.4E-3
30.06E-9,416.7E-3
30.06E-9,383.7E-3
30.06E-9,353.2E-3
30.07E-9,321.2E-3
30.07E-9,274.9E-3
30.08E-9,239.3E-3
30.08E-9,200.4E-3
30.08E-9,154.8E-3
30.09E-9,104.3E-3
30.09E-9,64.24E-3
30.10E-9,0.000
30.10E-9,0.000
30.10E-9,0.000
30.10E-9,0.000
30.10E-9,0.000
30.10E-9,0.000
30.11E-9,0.000
30.11E-9,0.000
30.12E-9,0.000
30.13E-9,0.000
30.14E-9,0.000
30.15E-9,0.000
30.16E-9,0.000
30.17E-9,0.000
30.18E-9,0.000
30.19E-9,0.000
30.20E-9,0.000
30.20E-9,0.000
30.20E-9,0.000
30.20E-9,0.000
30.20E-9,0.000
30.20E-9,0.000
30.20E-9,0.000
30.21E-9,0.000
30.21E-9,0.000
30.22E-9,0.000
30.23E-9,0.000
30.25E-9,0.000
30.26E-9,0.000
30.28E-9,0.000
30.29E-9,0.000
30.31E-9,0.000
30.34E-9,0.000
30.37E-9,0.000
30.43E-9,0.000
30.49E-9,0.000
30.58E-9,0.000
30.69E-9,0.000
30.84E-9,0.000
31.02E-9,0.000
31.21E-9,0.000
31.42E-9,0.000
31.51E-9,0.000
31.70E-9,0.000
31.90E-9,0.000
32.20E-9,0.000
32.50E-9,0.000
32.50E-9,0.000
32.50E-9,0.000
32.50E-9,0.000
32.50E-9,0.000
32.50E-9,0.000
32.51E-9,0.000
32.51E-9,0.000
32.52E-9,0.000
32.53E-9,0.000
32.53E-9,0.000
32.53E-9,0.000
32.54E-9,0.000
32.54E-9,0.000
32.54E-9,0.000
32.54E-9,0.000
32.54E-9,0.000
32.55E-9,0.000
32.55E-9,0.000
32.55E-9,0.000
32.55E-9,0.000
32.55E-9,0.000
32.55E-9,0.000
32.55E-9,0.000
32.55E-9,0.000
32.55E-9,0.000
32.55E-9,0.000
32.55E-9,0.000
32.55E-9,0.000
32.55E-9,0.000
32.55E-9,0.000
32.55E-9,0.000
32.56E-9,0.000
32.56E-9,0.000
32.56E-9,0.000
32.57E-9,0.000
32.57E-9,0.000
32.58E-9,0.000
32.58E-9,0.000
32.58E-9,0.000
32.59E-9,0.000
32.60E-9,0.000
32.60E-9,0.000
32.61E-9,0.000
32.61E-9,0.000
32.62E-9,0.000
32.62E-9,0.000
32.62E-9,0.000
32.62E-9,0.000
32.62E-9,0.000
32.63E-9,0.000
32.63E-9,0.000
32.63E-9,0.000
32.64E-9,0.000
32.64E-9,0.000
32.65E-9,0.000
32.66E-9,0.000
32.67E-9,0.000
32.68E-9,0.000
32.70E-9,0.000
32.72E-9,0.000
32.75E-9,0.000
32.81E-9,0.000
32.89E-9,0.000
32.99E-9,0.000
33.13E-9,0.000
33.32E-9,0.000
33.57E-9,0.000
33.92E-9,0.000
34.39E-9,0.000
35.00E-9,0.000
35.00E-9,1.953E-3
35.00E-9,5.859E-3
35.00E-9,13.67E-3
35.00E-9,22.82E-3
35.00E-9,38.31E-3
35.01E-9,64.82E-3
35.01E-9,108.5E-3
35.02E-9,172.5E-3
35.03E-9,269.3E-3
35.03E-9,318.6E-3
35.04E-9,368.2E-3
35.04E-9,419.4E-3
35.05E-9,459.7E-3
35.05E-9,500.0E-3
35.05E-9,501.0E-3
35.05E-9,502.9E-3
35.05E-9,506.7E-3
35.05E-9,508.1E-3
35.05E-9,510.8E-3
35.05E-9,516.4E-3
35.05E-9,527.5E-3
35.05E-9,533.0E-3
35.05E-9,544.1E-3
35.06E-9,566.3E-3
35.06E-9,604.7E-3
35.06E-9,635.4E-3
35.07E-9,668.0E-3
35.07E-9,706.4E-3
35.07E-9,748.4E-3
35.08E-9,786.1E-3
35.08E-9,831.9E-3
35.09E-9,888.9E-3
35.09E-9,931.9E-3
35.10E-9,965.9E-3
35.10E-9,1.000
35.10E-9,1.000
35.10E-9,1.000
35.10E-9,1.000
35.10E-9,1.000
35.10E-9,1.000
35.10E-9,1.000
35.10E-9,1.000
35.11E-9,1.000
35.11E-9,1.000
35.12E-9,1.000
35.13E-9,1.000
35.14E-9,1.000
35.15E-9,1.000
35.16E-9,1.000
35.18E-9,1.000
35.20E-9,1.000
35.21E-9,1.000
35.23E-9,1.000
35.25E-9,1.000
35.29E-9,1.000
35.34E-9,1.000
35.40E-9,1.000
35.49E-9,1.000
35.60E-9,1.000
35.76E-9,1.000
35.97E-9,1.000
36.15E-9,1.000
36.37E-9,1.000
36.65E-9,1.000
36.85E-9,1.000
37.08E-9,1.000
37.50E-9,1.000
37.50E-9,1.000
37.50E-9,1.000
37.50E-9,1.000
37.50E-9,1.000
37.50E-9,1.000
37.51E-9,1.000
37.51E-9,1.000
37.52E-9,1.000
37.53E-9,1.000
37.53E-9,1.000
37.53E-9,1.000
37.54E-9,1.000
37.54E-9,1.000
37.54E-9,1.000
37.54E-9,1.000
37.55E-9,1.000
37.55E-9,1.000
37.55E-9,1.000
37.55E-9,1.000
37.55E-9,1.000
37.55E-9,1.000
37.55E-9,1.000
37.55E-9,1.000
37.55E-9,1.000
37.55E-9,1.000
37.55E-9,1.000
37.55E-9,1.000
37.55E-9,1.000
37.56E-9,1.000
37.56E-9,1.000
37.57E-9,1.000
37.57E-9,1.000
37.57E-9,1.000
37.58E-9,1.000
37.58E-9,1.000
37.59E-9,1.000
37.59E-9,1.000
37.60E-9,1.000
37.60E-9,1.000
37.61E-9,1.000
37.62E-9,1.000
37.62E-9,1.000
37.62E-9,1.000
37.62E-9,1.000
37.62E-9,1.000
37.63E-9,1.000
37.63E-9,1.000
37.63E-9,1.000
37.64E-9,1.000
37.64E-9,1.000
37.65E-9,1.000
37.66E-9,1.000
37.67E-9,1.000
37.69E-9,1.000
37.71E-9,1.000
37.73E-9,1.000
37.77E-9,1.000
37.84E-9,1.000
37.93E-9,1.000
38.05E-9,1.000
38.21E-9,1.000
38.43E-9,1.000
38.73E-9,1.000
39.13E-9,1.000
39.57E-9,1.000
40.00E-9,1.000
40.00E-9,998.0E-3
40.00E-9,994.1E-3
40.00E-9,986.3E-3
40.00E-9,977.0E-3
40.00E-9,961.1E-3
40.01E-9,936.7E-3
40.01E-9,897.0E-3
40.02E-9,847.6E-3
40.02E-9,780.2E-3
40.03E-9,698.0E-3
40.04E-9,647.8E-3
40.04E-9,588.8E-3
40.05E-9,541.4E-3
40.05E-9,500.0E-3
40.05E-9,499.3E-3
40.05E-9,497.9E-3
40.05E-9,495.2E-3
40.05E-9,494.1E-3
40.05E-9,491.9E-3
40.05E-9,487.5E-3
40.05E-9,478.7E-3
40.05E-9,474.3E-3
40.05E-9,465.4E-3
40.06E-9,447.8E-3
40.06E-9,419.3E-3
40.06E-9,385.2E-3
40.06E-9,356.0E-3
40.07E-9,324.5E-3
40.07E-9,277.5E-3
40.08E-9,243.2E-3
40.08E-9,205.3E-3
40.08E-9,161.8E-3
40.09E-9,107.1E-3
40.09E-9,67.62E-3
40.10E-9,0.000
40.10E-9,0.000
40.10E-9,0.000
40.10E-9,0.000
40.10E-9,0.000
40.10E-9,0.000
40.11E-9,0.000
40.11E-9,0.000
40.12E-9,0.000
40.13E-9,0.000
40.14E-9,0.000
40.15E-9,0.000
40.16E-9,0.000
40.16E-9,0.000
40.18E-9,0.000
40.19E-9,0.000
40.19E-9,0.000
40.20E-9,0.000
40.20E-9,0.000
40.20E-9,0.000
40.20E-9,0.000
40.20E-9,0.000
40.20E-9,0.000
40.21E-9,0.000
40.21E-9,0.000
40.22E-9,0.000
40.23E-9,0.000
40.23E-9,0.000
40.24E-9,0.000
40.26E-9,0.000
40.27E-9,0.000
40.28E-9,0.000
40.30E-9,0.000
40.32E-9,0.000
40.34E-9,0.000
40.36E-9,0.000
40.37E-9,0.000
40.39E-9,0.000
40.40E-9,0.000
40.40E-9,0.000
40.40E-9,0.000
40.40E-9,0.000
40.40E-9,0.000
40.41E-9,0.000
40.42E-9,0.000
40.43E-9,0.000
40.45E-9,0.000
40.48E-9,0.000
40.51E-9,0.000
40.55E-9,0.000
40.62E-9,0.000
40.70E-9,0.000
40.82E-9,0.000
40.97E-9,0.000
41.15E-9,0.000
41.35E-9,0.000
41.42E-9,0.000
41.58E-9,0.000
41.74E-9,0.000
42.05E-9,0.000
42.50E-9,0.000
42.50E-9,0.000
42.50E-9,0.000
42.50E-9,0.000
42.50E-9,0.000
42.50E-9,0.000
42.51E-9,0.000
42.51E-9,0.000
42.52E-9,0.000
42.53E-9,0.000
42.53E-9,0.000
42.53E-9,0.000
42.54E-9,0.000
42.54E-9,0.000
42.54E-9,0.000
42.54E-9,0.000
42.54E-9,0.000
42.55E-9,0.000
42.55E-9,0.000
42.55E-9,0.000
42.55E-9,0.000
42.55E-9,0.000
42.55E-9,0.000
42.55E-9,0.000
42.55E-9,0.000
42.55E-9,0.000
42.55E-9,0.000
42.55E-9,0.000
42.55E-9,0.000
42.55E-9,0.000
42.55E-9,0.000
42.56E-9,0.000
42.56E-9,0.000
42.56E-9,0.000
42.56E-9,0.000
42.57E-9,0.000
42.57E-9,0.000
42.58E-9,0.000
42.58E-9,0.000
42.59E-9,0.000
42.59E-9,0.000
42.60E-9,0.000
42.60E-9,0.000
42.61E-9,0.000
42.62E-9,0.000
42.62E-9,0.000
42.62E-9,0.000
42.63E-9,0.000
42.63E-9,0.000
42.63E-9,0.000
42.63E-9,0.000
42.64E-9,0.000
42.64E-9,0.000
42.64E-9,0.000
42.65E-9,0.000
42.66E-9,0.000
42.66E-9,0.000
42.67E-9,0.000
42.69E-9,0.000
42.71E-9,0.000
42.73E-9,0.000
42.76E-9,0.000
42.82E-9,0.000
42.90E-9,0.000
43.01E-9,0.000
43.16E-9,0.000
43.35E-9,0.000
43.62E-9,0.000
43.98E-9,0.000
44.47E-9,0.000
45.00E-9,0.000
45.00E-9,1.953E-3
45.00E-9,5.859E-3
45.00E-9,13.67E-3
45.00E-9,22.82E-3
45.00E-9,38.31E-3
45.01E-9,64.96E-3
45.01E-9,108.7E-3
45.02E-9,173.3E-3
45.03E-9,269.0E-3
45.03E-9,318.3E-3
45.04E-9,367.9E-3
45.04E-9,419.2E-3
45.05E-9,459.6E-3
45.05E-9,500.0E-3
45.05E-9,500.8E-3
45.05E-9,502.4E-3
45.05E-9,505.5E-3
45.05E-9,506.7E-3
45.05E-9,509.1E-3
45.05E-9,513.9E-3
45.05E-9,523.5E-3
45.05E-9,542.7E-3
45.06E-9,579.7E-3
45.06E-9,611.2E-3
45.06E-9,644.6E-3
45.07E-9,679.9E-3
45.07E-9,729.7E-3
45.08E-9,767.0E-3
45.08E-9,809.7E-3
45.09E-9,860.7E-3
45.09E-9,911.0E-3
45.10E-9,953.3E-3
45.10E-9,1.000
45.10E-9,1.000
45.10E-9,1.000
45.10E-9,1.000
45.10E-9,1.000
45.10E-9,1.000
45.10E-9,1.000
45.10E-9,1.000
45.11E-9,1.000
45.11E-9,1.000
45.12E-9,1.000
45.13E-9,1.000
45.14E-9,1.000
45.15E-9,1.000
45.17E-9,1.000
45.19E-9,1.000
45.20E-9,1.000
45.22E-9,1.000
45.23E-9,1.000
45.26E-9,1.000
45.30E-9,1.000
45.35E-9,1.000
45.42E-9,1.000
45.51E-9,1.000
45.64E-9,1.000
45.80E-9,1.000
46.02E-9,1.000
46.21E-9,1.000
46.42E-9,1.000
46.51E-9,1.000
46.68E-9,1.000
46.88E-9,1.000
47.19E-9,1.000
47.50E-9,1.000
47.50E-9,1.000
47.50E-9,1.000
47.50E-9,1.000
47.50E-9,1.000
47.50E-9,1.000
47.51E-9,1.000
47.51E-9,1.000
47.52E-9,1.000
47.53E-9,1.000
47.53E-9,1.000
47.53E-9,1.000
47.54E-9,1.000
47.54E-9,1.000
47.54E-9,1.000
47.54E-9,1.000
47.55E-9,1.000
47.55E-9,1.000
47.55E-9,1.000
47.55E-9,1.000
47.55E-9,1.000
47.55E-9,1.000
47.55E-9,1.000
47.55E-9,1.000
47.55E-9,1.000
47.55E-9,1.000
47.55E-9,1.000
47.55E-9,1.000
47.55E-9,1.000
47.56E-9,1.000
47.56E-9,1.000
47.56E-9,1.000
47.57E-9,1.000
47.57E-9,1.000
47.58E-9,1.000
47.58E-9,1.000
47.58E-9,1.000
47.59E-9,1.000
47.60E-9,1.000
47.60E-9,1.000
47.61E-9,1.000
47.61E-9,1.000
47.61E-9,1.000
47.62E-9,1.000
47.62E-9,1.000
47.62E-9,1.000
47.63E-9,1.000
47.63E-9,1.000
47.63E-9,1.000
47.64E-9,1.000
47.64E-9,1.000
47.65E-9,1.000
47.65E-9,1.000
47.66E-9,1.000
47.67E-9,1.000
47.69E-9,1.000
47.71E-9,1.000
47.74E-9,1.000
47.79E-9,1.000
47.86E-9,1.000
47.96E-9,1.000
48.09E-9,1.000
48.26E-9,1.000
48.50E-9,1.000
48.82E-9,1.000
49.26E-9,1.000
49.63E-9,1.000
50.00E-9,1.000
50.00E-9,998.0E-3
50.00E-9,994.1E-3
50.00E-9,986.3E-3
50.00E-9,977.1E-3
50.00E-9,961.2E-3
50.01E-9,936.1E-3
50.01E-9,895.9E-3
50.02E-9,843.7E-3
50.02E-9,769.2E-3
50.03E-9,682.1E-3
50.04E-9,627.8E-3
50.04E-9,570.9E-3
50.05E-9,535.5E-3
50.05E-9,500.0E-3
50.05E-9,499.3E-3
50.05E-9,497.8E-3
50.05E-9,494.8E-3
50.05E-9,493.7E-3
50.05E-9,491.4E-3
50.05E-9,486.8E-3
50.05E-9,477.6E-3
50.05E-9,473.0E-3
50.05E-9,463.8E-3
50.06E-9,445.4E-3
50.06E-9,416.2E-3
50.06E-9,387.2E-3
50.06E-9,356.5E-3
50.07E-9,323.3E-3
50.07E-9,278.5E-3
50.08E-9,243.5E-3
50.08E-9,205.2E-3
50.08E-9,160.1E-3
50.09E-9,107.9E-3
50.09E-9,68.09E-3
50.10E-9,0.000
50.10E-9,0.000
50.10E-9,0.000
50.10E-9,0.000
50.10E-9,0.000
50.10E-9,0.000
50.11E-9,0.000
50.11E-9,0.000
50.12E-9,0.000
50.13E-9,0.000
50.14E-9,0.000
50.15E-9,0.000
50.16E-9,0.000
50.17E-9,0.000
50.18E-9,0.000
50.19E-9,0.000
50.20E-9,0.000
50.20E-9,0.000
50.20E-9,0.000
50.20E-9,0.000
50.20E-9,0.000
50.20E-9,0.000
50.20E-9,0.000
50.21E-9,0.000
50.21E-9,0.000
50.22E-9,0.000
50.23E-9,0.000
50.25E-9,0.000
50.26E-9,0.000
50.28E-9,0.000
50.29E-9,0.000
50.31E-9,0.000
50.34E-9,0.000
50.37E-9,0.000
50.42E-9,0.000
50.48E-9,0.000
50.57E-9,0.000
50.68E-9,0.000
50.83E-9,0.000
51.01E-9,0.000
51.19E-9,0.000
51.39E-9,0.000
51.49E-9,0.000
51.68E-9,0.000
51.87E-9,0.000
52.24E-9,0.000
52.50E-9,0.000
52.50E-9,0.000
52.50E-9,0.000
52.50E-9,0.000
52.50E-9,0.000
52.50E-9,0.000
52.51E-9,0.000
52.51E-9,0.000
52.52E-9,0.000
52.53E-9,0.000
52.53E-9,0.000
52.53E-9,0.000
52.54E-9,0.000
52.54E-9,0.000
52.54E-9,0.000
52.54E-9,0.000
52.54E-9,0.000
52.55E-9,0.000
52.55E-9,0.000
52.55E-9,0.000
52.55E-9,0.000
52.55E-9,0.000
52.55E-9,0.000
52.55E-9,0.000
52.55E-9,0.000
52.55E-9,0.000
52.55E-9,0.000
52.55E-9,0.000
52.55E-9,0.000
52.55E-9,0.000
52.55E-9,0.000
52.55E-9,0.000
52.56E-9,0.000
52.56E-9,0.000
52.56E-9,0.000
52.57E-9,0.000
52.57E-9,0.000
52.58E-9,0.000
52.58E-9,0.000
52.58E-9,0.000
52.59E-9,0.000
52.60E-9,0.000
52.60E-9,0.000
52.61E-9,0.000
52.61E-9,0.000
52.61E-9,0.000
52.62E-9,0.000
52.62E-9,0.000
52.62E-9,0.000
52.63E-9,0.000
52.63E-9,0.000
52.63E-9,0.000
52.63E-9,0.000
52.63E-9,0.000
52.64E-9,0.000
52.64E-9,0.000
52.64E-9,0.000
52.64E-9,0.000
52.64E-9,0.000
52.65E-9,0.000
52.66E-9,0.000
52.67E-9,0.000
52.69E-9,0.000
52.71E-9,0.000
52.74E-9,0.000
52.78E-9,0.000
52.85E-9,0.000
52.94E-9,0.000
53.06E-9,0.000
53.22E-9,0.000
53.45E-9,0.000
53.75E-9,0.000
54.16E-9,0.000
54.58E-9,0.000
55.00E-9,0.000
55.00E-9,1.953E-3
55.00E-9,5.859E-3
55.00E-9,13.67E-3
55.00E-9,22.82E-3
55.00E-9,38.31E-3
55.01E-9,64.95E-3
55.01E-9,108.6E-3
55.02E-9,173.1E-3
55.03E-9,269.3E-3
55.03E-9,319.7E-3
55.04E-9,370.3E-3
55.04E-9,422.5E-3
55.05E-9,461.3E-3
55.05E-9,500.0E-3
55.05E-9,500.8E-3
55.05E-9,502.3E-3
55.05E-9,505.4E-3
55.05E-9,510.1E-3
55.05E-9,512.1E-3
55.05E-9,516.1E-3
55.05E-9,524.1E-3
55.05E-9,540.1E-3
55.06E-9,572.1E-3
55.06E-9,603.7E-3
55.06E-9,635.8E-3
55.07E-9,668.9E-3
55.07E-9,714.0E-3
55.08E-9,753.0E-3
55.08E-9,792.3E-3
55.08E-9,839.1E-3
55.09E-9,879.9E-3
55.09E-9,920.7E-3
55.10E-9,960.3E-3
55.10E-9,1.000
55.10E-9,1.000
55.10E-9,1.000
55.10E-9,1.000
55.10E-9,1.000
55.10E-9,1.000
55.10E-9,1.000
55.10E-9,1.000
55.11E-9,1.000
55.11E-9,1.000
55.12E-9,1.000
55.13E-9,1.000
55.14E-9,1.000
55.15E-9,1.000
55.17E-9,1.000
55.19E-9,1.000
55.20E-9,1.000
55.22E-9,1.000
55.23E-9,1.000
55.26E-9,1.000
55.30E-9,1.000
55.35E-9,1.000
55.42E-9,1.000
55.52E-9,1.000
55.64E-9,1.000
55.81E-9,1.000
56.03E-9,1.000
56.22E-9,1.000
56.43E-9,1.000
56.52E-9,1.000
56.69E-9,1.000
56.90E-9,1.000
57.20E-9,1.000
57.50E-9,1.000
57.50E-9,1.000
57.50E-9,1.000
57.50E-9,1.000
57.50E-9,1.000
57.50E-9,1.000
57.51E-9,1.000
57.51E-9,1.000
57.52E-9,1.000
57.53E-9,1.000
57.53E-9,1.000
57.53E-9,1.000
57.54E-9,1.000
57.54E-9,1.000
57.54E-9,1.000
57.54E-9,1.000
57.55E-9,1.000
57.55E-9,1.000
57.55E-9,1.000
57.55E-9,1.000
57.55E-9,1.000
57.55E-9,1.000
57.55E-9,1.000
57.55E-9,1.000
57.55E-9,1.000
57.55E-9,1.000
57.55E-9,1.000
57.55E-9,1.000
57.55E-9,1.000
57.56E-9,1.000
57.56E-9,1.000
57.56E-9,1.000
57.57E-9,1.000
57.57E-9,1.000
57.57E-9,1.000
57.58E-9,1.000
57.58E-9,1.000
57.59E-9,1.000
57.60E-9,1.000
57.60E-9,1.000
57.61E-9,1.000
57.61E-9,1.000
57.61E-9,1.000
57.61E-9,1.000
57.61E-9,1.000
57.61E-9,1.000
57.61E-9,1.000
57.62E-9,1.000
57.62E-9,1.000
57.62E-9,1.000
57.62E-9,1.000
57.63E-9,1.000
57.63E-9,1.000
57.63E-9,1.000
57.64E-9,1.000
57.65E-9,1.000
57.65E-9,1.000
57.67E-9,1.000
57.68E-9,1.000
57.70E-9,1.000
57.73E-9,1.000
57.76E-9,1.000
57.83E-9,1.000
57.92E-9,1.000
58.04E-9,1.000
58.20E-9,1.000
58.41E-9,1.000
58.70E-9,1.000
59.09E-9,1.000
59.63E-9,1.000
60.00E-9,1.000
60.00E-9,998.0E-3
60.00E-9,994.1E-3
60.00E-9,986.3E-3
60.00E-9,977.0E-3
60.00E-9,961.0E-3
60.01E-9,936.1E-3
60.01E-9,896.5E-3
60.02E-9,847.0E-3
60.02E-9,779.1E-3
60.03E-9,698.1E-3
60.04E-9,646.9E-3
60.04E-9,587.0E-3
60.05E-9,539.0E-3
60.05E-9,500.0E-3
60.05E-9,499.4E-3
60.05E-9,498.1E-3
60.05E-9,495.7E-3
60.05E-9,491.6E-3
60.05E-9,490.0E-3
60.05E-9,486.7E-3
60.05E-9,480.1E-3
60.05E-9,476.9E-3
60.05E-9,470.3E-3
60.05E-9,457.2E-3
60.06E-9,431.1E-3
60.06E-9,402.3E-3
60.06E-9,371.5E-3
60.07E-9,339.7E-3
60.07E-9,299.3E-3
60.07E-9,261.9E-3
60.08E-9,226.9E-3
60.08E-9,186.9E-3
60.09E-9,134.5E-3
60.09E-9,92.29E-3
60.10E-9,46.13E-3
60.10E-9,57.29E-15
60.10E-9,0.000
60.10E-9,0.000
60.10E-9,0.000
60.10E-9,0.000
60.10E-9,0.000
60.10E-9,0.000
60.10E-9,0.000
60.11E-9,0.000
60.11E-9,0.000
60.11E-9,0.000
60.12E-9,0.000
60.12E-9,0.000
60.13E-9,0.000
60.14E-9,0.000
60.14E-9,0.000
60.15E-9,0.000
60.16E-9,0.000
60.17E-9,0.000
60.18E-9,0.000
60.19E-9,0.000
60.20E-9,0.000
60.20E-9,0.000
60.20E-9,0.000
60.20E-9,0.000
60.20E-9,0.000
60.21E-9,0.000
60.21E-9,0.000
60.21E-9,0.000
60.22E-9,0.000
60.23E-9,0.000
60.24E-9,0.000
60.25E-9,0.000
60.26E-9,0.000
60.27E-9,0.000
60.28E-9,0.000
60.29E-9,0.000
60.31E-9,0.000
60.33E-9,0.000
60.35E-9,0.000
60.37E-9,0.000
60.39E-9,0.000
60.39E-9,0.000
60.40E-9,0.000
60.40E-9,0.000
60.40E-9,0.000
60.40E-9,0.000
60.40E-9,0.000
60.40E-9,0.000
60.40E-9,0.000
60.40E-9,0.000
60.41E-9,0.000
60.41E-9,0.000
60.41E-9,0.000
60.42E-9,0.000
60.44E-9,0.000
60.45E-9,0.000
60.47E-9,0.000
60.49E-9,0.000
60.52E-9,0.000
60.55E-9,0.000
60.60E-9,0.000
60.68E-9,0.000
60.77E-9,0.000
60.90E-9,0.000
61.06E-9,0.000
61.27E-9,0.000
61.49E-9,0.000
61.73E-9,0.000
61.92E-9,0.000
62.22E-9,0.000
62.50E-9,0.000
62.50E-9,0.000
62.50E-9,0.000
62.50E-9,0.000
62.50E-9,0.000
62.50E-9,0.000
62.51E-9,0.000
62.51E-9,0.000
62.52E-9,0.000
62.53E-9,0.000
62.53E-9,0.000
62.53E-9,0.000
62.54E-9,0.000
62.54E-9,0.000
62.54E-9,0.000
62.54E-9,0.000
62.54E-9,0.000
62.55E-9,0.000
62.55E-9,0.000
62.55E-9,0.000
62.55E-9,0.000
62.55E-9,0.000
62.55E-9,0.000
62.55E-9,0.000
62.55E-9,0.000
62.55E-9,0.000
62.55E-9,0.000
62.55E-9,0.000
62.55E-9,0.000
62.55E-9,0.000
62.55E-9,0.000
62.55E-9,0.000
62.56E-9,0.000
62.56E-9,0.000
62.56E-9,0.000
62.57E-9,0.000
62.57E-9,0.000
62.58E-9,0.000
62.58E-9,0.000
62.59E-9,0.000
62.59E-9,0.000
62.60E-9,0.000
62.61E-9,0.000
62.61E-9,0.000
62.62E-9,0.000
62.62E-9,0.000
62.62E-9,0.000
62.62E-9,0.000
62.63E-9,0.000
62.63E-9,0.000
62.63E-9,0.000
62.63E-9,0.000
62.64E-9,0.000
62.64E-9,0.000
62.65E-9,0.000
62.65E-9,0.000
62.66E-9,0.000
62.67E-9,0.000
62.68E-9,0.000
62.70E-9,0.000
62.72E-9,0.000
62.75E-9,0.000
62.79E-9,0.000
62.87E-9,0.000
62.96E-9,0.000
63.09E-9,0.000
63.26E-9,0.000
63.49E-9,0.000
63.80E-9,0.000
64.23E-9,0.000
64.62E-9,0.000
65.00E-9,0.000
65.00E-9,1.953E-3
65.00E-9,5.859E-3
65.00E-9,13.67E-3
65.00E-9,22.82E-3
65.00E-9,38.30E-3
65.01E-9,64.86E-3
65.01E-9,105.8E-3
65.02E-9,169.7E-3
65.03E-9,263.4E-3
65.03E-9,313.2E-3
65.04E-9,361.9E-3
65.04E-9,412.8E-3
65.05E-9,456.4E-3
65.05E-9,500.0E-3
65.05E-9,501.0E-3
65.05E-9,503.1E-3
65.05E-9,507.2E-3
65.05E-9,508.7E-3
65.05E-9,511.6E-3
65.05E-9,517.5E-3
65.05E-9,529.2E-3
65.05E-9,535.0E-3
65.05E-9,546.7E-3
65.06E-9,570.0E-3
65.06E-9,606.6E-3
65.06E-9,638.7E-3
65.07E-9,672.9E-3
65.07E-9,716.7E-3
65.08E-9,758.3E-3
65.08E-9,798.4E-3
65.08E-9,846.9E-3
65.09E-9,887.4E-3
65.09E-9,928.1E-3
65.10E-9,964.0E-3
65.10E-9,1.000
65.10E-9,1.000
65.10E-9,1.000
65.10E-9,1.000
65.10E-9,1.000
65.10E-9,1.000
65.10E-9,1.000
65.10E-9,1.000
65.11E-9,1.000
65.11E-9,1.000
65.12E-9,1.000
65.13E-9,1.000
65.14E-9,1.000
65.15E-9,1.000
65.16E-9,1.000
65.18E-9,1.000
65.20E-9,1.000
65.21E-9,1.000
65.23E-9,1.000
65.25E-9,1.000
65.29E-9,1.000
65.34E-9,1.000
65.40E-9,1.000
65.49E-9,1.000
65.60E-9,1.000
65.75E-9,1.000
65.96E-9,1.000
66.15E-9,1.000
66.36E-9,1.000
66.63E-9,1.000
66.83E-9,1.000
67.05E-9,1.000
67.27E-9,1.000
67.50E-9,1.000
67.50E-9,1.000
67.50E-9,1.000
67.50E-9,1.000
67.50E-9,1.000
67.50E-9,1.000
67.51E-9,1.000
67.51E-9,1.000
67.52E-9,1.000
67.53E-9,1.000
67.53E-9,1.000
67.53E-9,1.000
67.54E-9,1.000
67.54E-9,1.000
67.54E-9,1.000
67.54E-9,1.000
67.55E-9,1.000
67.55E-9,1.000
67.55E-9,1.000
67.55E-9,1.000
67.55E-9,1.000
67.55E-9,1.000
67.55E-9,1.000
67.55E-9,1.000
67.55E-9,1.000
67.55E-9,1.000
67.55E-9,1.000
67.55E-9,1.000
67.55E-9,1.000
67.55E-9,1.000
67.55E-9,1.000
67.56E-9,1.000
67.56E-9,1.000
67.56E-9,1.000
67.57E-9,1.000
67.57E-9,1.000
67.58E-9,1.000
67.58E-9,1.000
67.59E-9,1.000
67.59E-9,1.000
67.60E-9,1.000
67.60E-9,1.000
67.61E-9,1.000
67.61E-9,1.000
67.62E-9,1.000
67.62E-9,1.000
67.62E-9,1.000
67.63E-9,1.000
67.63E-9,1.000
67.63E-9,1.000
67.63E-9,1.000
67.64E-9,1.000
67.64E-9,1.000
67.65E-9,1.000
67.66E-9,1.000
67.67E-9,1.000
67.68E-9,1.000
67.70E-9,1.000
67.73E-9,1.000
67.76E-9,1.000
67.83E-9,1.000
67.91E-9,1.000
68.03E-9,1.000
68.17E-9,1.000
68.38E-9,1.000
68.65E-9,1.000
69.03E-9,1.000
69.54E-9,1.000
70.00E-9,1.000
70.00E-9,998.0E-3
70.00E-9,994.1E-3
70.00E-9,986.3E-3
70.00E-9,977.1E-3
70.00E-9,961.2E-3
70.01E-9,936.2E-3
70.01E-9,895.7E-3
70.02E-9,843.6E-3
70.02E-9,769.0E-3
70.03E-9,682.0E-3
70.04E-9,628.7E-3
70.04E-9,573.1E-3
70.05E-9,536.5E-3
70.05E-9,500.0E-3
70.05E-9,499.2E-3
70.05E-9,497.7E-3
70.05E-9,494.7E-3
70.05E-9,490.1E-3
70.05E-9,488.1E-3
70.05E-9,484.1E-3
70.05E-9,476.2E-3
70.05E-9,472.2E-3
70.05E-9,464.3E-3
70.06E-9,448.4E-3
70.06E-9,416.7E-3
70.06E-9,383.7E-3
70.06E-9,353.2E-3
70.07E-9,321.2E-3
70.07E-9,274.9E-3
70.08E-9,239.3E-3
70.08E-9,200.4E-3
70.08E-9,154.8E-3
70.09E-9,104.3E-3
70.09E-9,64.24E-3
70.10E-9,57.29E-15
70.10E-9,0.000
70.10E-9,0.000
70.10E-9,0.000
70.10E-9,0.000
70.10E-9,0.000
70.11E-9,0.000
70.11E-9,0.000
70.12E-9,0.000
70.13E-9,0.000
70.14E-9,0.000
70.15E-9,0.000
70.16E-9,0.000
70.17E-9,0.000
70.18E-9,0.000
70.19E-9,0.000
70.20E-9,0.000
70.20E-9,0.000
70.20E-9,0.000
70.20E-9,0.000
70.20E-9,0.000
70.20E-9,0.000
70.20E-9,0.000
70.21E-9,0.000
70.21E-9,0.000
70.22E-9,0.000
70.23E-9,0.000
70.25E-9,0.000
70.26E-9,0.000
70.28E-9,0.000
70.29E-9,0.000
70.31E-9,0.000
70.34E-9,0.000
70.37E-9,0.000
70.43E-9,0.000
70.49E-9,0.000
70.58E-9,0.000
70.69E-9,0.000
70.84E-9,0.000
71.02E-9,0.000
71.21E-9,0.000
71.42E-9,0.000
71.51E-9,0.000
71.70E-9,0.000
71.90E-9,0.000
72.20E-9,0.000
72.50E-9,0.000
72.50E-9,0.000
72.50E-9,0.000
72.50E-9,0.000
72.50E-9,0.000
72.50E-9,0.000
72.51E-9,0.000
72.51E-9,0.000
72.52E-9,0.000
72.53E-9,0.000
72.53E-9,0.000
72.53E-9,0.000
72.54E-9,0.000
72.54E-9,0.000
72.54E-9,0.000
72.54E-9,0.000
72.54E-9,0.000
72.55E-9,0.000
72.55E-9,0.000
72.55E-9,0.000
72.55E-9,0.000
72.55E-9,0.000
72.55E-9,0.000
72.55E-9,0.000
72.55E-9,0.000
72.55E-9,0.000
72.55E-9,0.000
72.55E-9,0.000
72.55E-9,0.000
72.55E-9,0.000
72.55E-9,0.000
72.55E-9,0.000
72.56E-9,0.000
72.56E-9,0.000
72.56E-9,0.000
72.57E-9,0.000
72.57E-9,0.000
72.58E-9,0.000
72.58E-9,0.000
72.58E-9,0.000
72.59E-9,0.000
72.60E-9,0.000
72.60E-9,0.000
72.61E-9,0.000
72.61E-9,0.000
72.62E-9,0.000
72.62E-9,0.000
72.62E-9,0.000
72.62E-9,0.000
72.62E-9,0.000
72.63E-9,0.000
72.63E-9,0.000
72.63E-9,0.000
72.64E-9,0.000
72.64E-9,0.000
72.65E-9,0.000
72.66E-9,0.000
72.67E-9,0.000
72.68E-9,0.000
72.70E-9,0.000
72.72E-9,0.000
72.75E-9,0.000
72.81E-9,0.000
72.89E-9,0.000
72.99E-9,0.000
73.13E-9,0.000
73.32E-9,0.000
73.57E-9,0.000
73.92E-9,0.000
74.39E-9,0.000
75.00E-9,0.000
75.00E-9,1.953E-3
75.00E-9,5.859E-3
75.00E-9,13.67E-3
75.00E-9,22.82E-3
75.00E-9,38.31E-3
75.01E-9,64.82E-3
75.01E-9,108.5E-3
75.02E-9,172.5E-3
75.03E-9,269.3E-3
75.03E-9,318.6E-3
75.04E-9,368.2E-3
75.04E-9,419.4E-3
75.05E-9,459.7E-3
75.05E-9,500.0E-3
75.05E-9,501.0E-3
75.05E-9,502.9E-3
75.05E-9,506.7E-3
75.05E-9,508.1E-3
75.05E-9,510.8E-3
75.05E-9,516.4E-3
75.05E-9,527.5E-3
75.05E-9,533.0E-3
75.05E-9,544.1E-3
75.06E-9,566.3E-3
75.06E-9,604.7E-3
75.06E-9,635.4E-3
75.07E-9,668.0E-3
75.07E-9,706.4E-3
75.07E-9,748.4E-3
75.08E-9,786.1E-3
75.08E-9,831.9E-3
75.09E-9,888.9E-3
75.09E-9,931.9E-3
75.10E-9,965.9E-3
75.10E-9,1.000
75.10E-9,1.000
75.10E-9,1.000
75.10E-9,1.000
75.10E-9,1.000
75.10E-9,1.000
75.10E-9,1.000
75.10E-9,1.000
75.11E-9,1.000
75.11E-9,1.000
75.12E-9,1.000
75.13E-9,1.000
75.14E-9,1.000
75.15E-9,1.000
75.16E-9,1.000
75.18E-9,1.000
75.20E-9,1.000
75.21E-9,1.000
75.23E-9,1.000
75.25E-9,1.000
75.29E-9,1.000
75.34E-9,1.000
75.40E-9,1.000
75.49E-9,1.000
75.60E-9,1.000
75.76E-9,1.000
75.97E-9,1.000
76.15E-9,1.000
76.37E-9,1.000
76.65E-9,1.000
76.85E-9,1.000
77.08E-9,1.000
77.50E-9,1.000
77.50E-9,1.000
77.50E-9,1.000
77.50E-9,1.000
77.50E-9,1.000
77.50E-9,1.000
77.51E-9,1.000
77.51E-9,1.000
77.52E-9,1.000
77.53E-9,1.000
77.53E-9,1.000
77.53E-9,1.000
77.54E-9,1.000
77.54E-9,1.000
77.54E-9,1.000
77.54E-9,1.000
77.55E-9,1.000
77.55E-9,1.000
77.55E-9,1.000
77.55E-9,1.000
77.55E-9,1.000
77.55E-9,1.000
77.55E-9,1.000
77.55E-9,1.000
77.55E-9,1.000
77.55E-9,1.000
77.55E-9,1.000
77.55E-9,1.000
77.55E-9,1.000
77.56E-9,1.000
77.56E-9,1.000
77.57E-9,1.000
77.57E-9,1.000
77.57E-9,1.000
77.58E-9,1.000
77.58E-9,1.000
77.59E-9,1.000
77.59E-9,1.000
77.60E-9,1.000
77.60E-9,1.000
77.61E-9,1.000
77.62E-9,1.000
77.62E-9,1.000
77.62E-9,1.000
77.62E-9,1.000
77.62E-9,1.000
77.63E-9,1.000
77.63E-9,1.000
77.63E-9,1.000
77.64E-9,1.000
77.64E-9,1.000
77.65E-9,1.000
77.66E-9,1.000
77.67E-9,1.000
77.69E-9,1.000
77.71E-9,1.000
77.73E-9,1.000
77.77E-9,1.000
77.84E-9,1.000
77.93E-9,1.000
78.05E-9,1.000
78.21E-9,1.000
78.43E-9,1.000
78.73E-9,1.000
79.13E-9,1.000
79.57E-9,1.000
80.00E-9,1.000
80.00E-9,998.0E-3
80.00E-9,994.1E-3
80.00E-9,986.3E-3
80.00E-9,977.0E-3
80.00E-9,961.1E-3
80.01E-9,936.7E-3
80.01E-9,897.0E-3
80.02E-9,847.6E-3
80.02E-9,780.2E-3
80.03E-9,698.0E-3
80.04E-9,647.8E-3
80.04E-9,588.8E-3
80.05E-9,541.4E-3
80.05E-9,500.0E-3
80.05E-9,499.3E-3
80.05E-9,497.9E-3
80.05E-9,495.2E-3
80.05E-9,494.1E-3
80.05E-9,491.9E-3
80.05E-9,487.5E-3
80.05E-9,478.7E-3
80.05E-9,474.3E-3
80.05E-9,465.4E-3
80.06E-9,447.8E-3
80.06E-9,419.3E-3
80.06E-9,385.2E-3
80.06E-9,356.0E-3
80.07E-9,324.5E-3
80.07E-9,277.5E-3
80.08E-9,243.2E-3
80.08E-9,205.3E-3
80.08E-9,161.8E-3
80.09E-9,107.1E-3
80.09E-9,67.62E-3
80.10E-9,57.29E-15
80.10E-9,0.000
80.10E-9,0.000
80.10E-9,0.000
80.10E-9,0.000
80.10E-9,0.000
80.11E-9,0.000
80.11E-9,0.000
80.12E-9,0.000
80.13E-9,0.000
80.14E-9,0.000
80.15E-9,0.000
80.16E-9,0.000
80.16E-9,0.000
80.18E-9,0.000
80.19E-9,0.000
80.19E-9,0.000
80.20E-9,0.000
80.20E-9,0.000
80.20E-9,0.000
80.20E-9,0.000
80.20E-9,0.000
80.20E-9,0.000
80.21E-9,0.000
80.21E-9,0.000
80.22E-9,0.000
80.23E-9,0.000
80.23E-9,0.000
80.24E-9,0.000
80.26E-9,0.000
80.27E-9,0.000
80.28E-9,0.000
80.30E-9,0.000
80.32E-9,0.000
80.34E-9,0.000
80.36E-9,0.000
80.37E-9,0.000
80.39E-9,0.000
80.40E-9,0.000
80.40E-9,0.000
80.40E-9,0.000
80.40E-9,0.000
80.40E-9,0.000
80.41E-9,0.000
80.42E-9,0.000
80.43E-9,0.000
80.45E-9,0.000
80.48E-9,0.000
80.51E-9,0.000
80.55E-9,0.000
80.62E-9,0.000
80.70E-9,0.000
80.82E-9,0.000
80.97E-9,0.000
81.15E-9,0.000
81.35E-9,0.000
81.42E-9,0.000
81.58E-9,0.000
81.74E-9,0.000
82.05E-9,0.000
82.50E-9,0.000
82.50E-9,0.000
82.50E-9,0.000
82.50E-9,0.000
82.50E-9,0.000
82.50E-9,0.000
82.51E-9,0.000
82.51E-9,0.000
82.52E-9,0.000
82.53E-9,0.000
82.53E-9,0.000
82.53E-9,0.000
82.54E-9,0.000
82.54E-9,0.000
82.54E-9,0.000
82.54E-9,0.000
82.54E-9,0.000
82.55E-9,0.000
82.55E-9,0.000
82.55E-9,0.000
82.55E-9,0.000
82.55E-9,0.000
82.55E-9,0.000
82.55E-9,0.000
82.55E-9,0.000
82.55E-9,0.000
82.55E-9,0.000
82.55E-9,0.000
82.55E-9,0.000
82.55E-9,0.000
82.55E-9,0.000
82.56E-9,0.000
82.56E-9,0.000
82.56E-9,0.000
82.56E-9,0.000
82.57E-9,0.000
82.57E-9,0.000
82.58E-9,0.000
82.58E-9,0.000
82.59E-9,0.000
82.59E-9,0.000
82.60E-9,0.000
82.60E-9,0.000
82.61E-9,0.000
82.62E-9,0.000
82.62E-9,0.000
82.62E-9,0.000
82.63E-9,0.000
82.63E-9,0.000
82.63E-9,0.000
82.63E-9,0.000
82.64E-9,0.000
82.64E-9,0.000
82.64E-9,0.000
82.65E-9,0.000
82.66E-9,0.000
82.66E-9,0.000
82.67E-9,0.000
82.69E-9,0.000
82.71E-9,0.000
82.73E-9,0.000
82.76E-9,0.000
82.82E-9,0.000
82.90E-9,0.000
83.01E-9,0.000
83.16E-9,0.000
83.35E-9,0.000
83.62E-9,0.000
83.98E-9,0.000
84.47E-9,0.000
85.00E-9,0.000
85.00E-9,1.953E-3
85.00E-9,5.859E-3
85.00E-9,13.67E-3
85.00E-9,22.82E-3
85.00E-9,38.31E-3
85.01E-9,64.96E-3
85.01E-9,108.7E-3
85.02E-9,173.3E-3
85.03E-9,269.0E-3
85.03E-9,318.3E-3
85.04E-9,367.9E-3
85.04E-9,419.2E-3
85.05E-9,459.6E-3
85.05E-9,500.0E-3
85.05E-9,500.8E-3
85.05E-9,502.4E-3
85.05E-9,505.5E-3
85.05E-9,506.7E-3
85.05E-9,509.1E-3
85.05E-9,513.9E-3
85.05E-9,523.5E-3
85.05E-9,542.7E-3
85.06E-9,579.7E-3
85.06E-9,611.2E-3
85.06E-9,644.6E-3
85.07E-9,679.9E-3
85.07E-9,729.7E-3
85.08E-9,767.0E-3
85.08E-9,809.7E-3
85.09E-9,860.7E-3
85.09E-9,911.0E-3
85.10E-9,953.3E-3
85.10E-9,1.000
85.10E-9,1.000
85.10E-9,1.000
85.10E-9,1.000
85.10E-9,1.000
85.10E-9,1.000
85.10E-9,1.000
85.10E-9,1.000
85.11E-9,1.000
85.11E-9,1.000
85.12E-9,1.000
85.13E-9,1.000
85.14E-9,1.000
85.15E-9,1.000
85.17E-9,1.000
85.19E-9,1.000
85.20E-9,1.000
85.22E-9,1.000
85.23E-9,1.000
85.26E-9,1.000
85.30E-9,1.000
85.35E-9,1.000
85.42E-9,1.000
85.51E-9,1.000
85.64E-9,1.000
85.80E-9,1.000
86.02E-9,1.000
86.21E-9,1.000
86.42E-9,1.000
86.51E-9,1.000
86.68E-9,1.000
86.88E-9,1.000
87.19E-9,1.000
87.50E-9,1.000
87.50E-9,1.000
87.50E-9,1.000
87.50E-9,1.000
87.50E-9,1.000
87.50E-9,1.000
87.51E-9,1.000
87.51E-9,1.000
87.52E-9,1.000
87.53E-9,1.000
87.53E-9,1.000
87.53E-9,1.000
87.54E-9,1.000
87.54E-9,1.000
87.54E-9,1.000
87.54E-9,1.000
87.55E-9,1.000
87.55E-9,1.000
87.55E-9,1.000
87.55E-9,1.000
87.55E-9,1.000
87.55E-9,1.000
87.55E-9,1.000
87.55E-9,1.000
87.55E-9,1.000
87.55E-9,1.000
87.55E-9,1.000
87.55E-9,1.000
87.55E-9,1.000
87.56E-9,1.000
87.56E-9,1.000
87.56E-9,1.000
87.57E-9,1.000
87.57E-9,1.000
87.58E-9,1.000
87.58E-9,1.000
87.58E-9,1.000
87.59E-9,1.000
87.60E-9,1.000
87.60E-9,1.000
87.61E-9,1.000
87.61E-9,1.000
87.61E-9,1.000
87.62E-9,1.000
87.62E-9,1.000
87.62E-9,1.000
87.63E-9,1.000
87.63E-9,1.000
87.63E-9,1.000
87.64E-9,1.000
87.64E-9,1.000
87.65E-9,1.000
87.65E-9,1.000
87.66E-9,1.000
87.67E-9,1.000
87.69E-9,1.000
87.71E-9,1.000
87.74E-9,1.000
87.79E-9,1.000
87.86E-9,1.000
87.96E-9,1.000
88.09E-9,1.000
88.26E-9,1.000
88.50E-9,1.000
88.82E-9,1.000
89.26E-9,1.000
89.63E-9,1.000
90.00E-9,1.000
90.00E-9,998.0E-3
90.00E-9,994.1E-3
90.00E-9,986.3E-3
90.00E-9,977.1E-3
90.00E-9,961.2E-3
90.01E-9,936.1E-3
90.01E-9,895.9E-3
90.02E-9,843.7E-3
90.02E-9,769.2E-3
90.03E-9,682.1E-3
90.04E-9,627.8E-3
90.04E-9,570.9E-3
90.05E-9,535.5E-3
90.05E-9,500.0E-3
90.05E-9,499.3E-3
90.05E-9,497.8E-3
90.05E-9,494.8E-3
90.05E-9,493.7E-3
90.05E-9,491.4E-3
90.05E-9,486.8E-3
90.05E-9,477.6E-3
90.05E-9,473.0E-3
90.05E-9,463.8E-3
90.06E-9,445.4E-3
90.06E-9,416.2E-3
90.06E-9,387.2E-3
90.06E-9,356.5E-3
90.07E-9,323.3E-3
90.07E-9,278.5E-3
90.08E-9,243.5E-3
90.08E-9,205.2E-3
90.08E-9,160.1E-3
90.09E-9,107.9E-3
90.09E-9,68.09E-3
90.10E-9,57.29E-15
90.10E-9,0.000
90.10E-9,0.000
90.10E-9,0.000
90.10E-9,0.000
90.10E-9,0.000
90.11E-9,0.000
90.11E-9,0.000
90.12E-9,0.000
90.13E-9,0.000
90.14E-9,0.000
90.15E-9,0.000
90.16E-9,0.000
90.17E-9,0.000
90.18E-9,0.000
90.19E-9,0.000
90.20E-9,0.000
90.20E-9,0.000
90.20E-9,0.000
90.20E-9,0.000
90.20E-9,0.000
90.20E-9,0.000
90.20E-9,0.000
90.21E-9,0.000
90.21E-9,0.000
90.22E-9,0.000
90.23E-9,0.000
90.25E-9,0.000
90.26E-9,0.000
90.28E-9,0.000
90.29E-9,0.000
90.31E-9,0.000
90.34E-9,0.000
90.37E-9,0.000
90.42E-9,0.000
90.48E-9,0.000
90.57E-9,0.000
90.68E-9,0.000
90.83E-9,0.000
91.01E-9,0.000
91.19E-9,0.000
91.39E-9,0.000
91.49E-9,0.000
91.68E-9,0.000
91.87E-9,0.000
92.24E-9,0.000
92.50E-9,0.000
92.50E-9,0.000
92.50E-9,0.000
92.50E-9,0.000
92.50E-9,0.000
92.50E-9,0.000
92.51E-9,0.000
92.51E-9,0.000
92.52E-9,0.000
92.53E-9,0.000
92.53E-9,0.000
92.53E-9,0.000
92.54E-9,0.000
92.54E-9,0.000
92.54E-9,0.000
92.54E-9,0.000
92.54E-9,0.000
92.55E-9,0.000
92.55E-9,0.000
92.55E-9,0.000
92.55E-9,0.000
92.55E-9,0.000
92.55E-9,0.000
92.55E-9,0.000
92.55E-9,0.000
92.55E-9,0.000
92.55E-9,0.000
92.55E-9,0.000
92.55E-9,0.000
92.55E-9,0.000
92.55E-9,0.000
92.55E-9,0.000
92.56E-9,0.000
92.56E-9,0.000
92.56E-9,0.000
92.57E-9,0.000
92.57E-9,0.000
92.58E-9,0.000
92.58E-9,0.000
92.58E-9,0.000
92.59E-9,0.000
92.60E-9,0.000
92.60E-9,0.000
92.61E-9,0.000
92.61E-9,0.000
92.61E-9,0.000
92.62E-9,0.000
92.62E-9,0.000
92.62E-9,0.000
92.63E-9,0.000
92.63E-9,0.000
92.63E-9,0.000
92.63E-9,0.000
92.63E-9,0.000
92.64E-9,0.000
92.64E-9,0.000
92.64E-9,0.000
92.64E-9,0.000
92.64E-9,0.000
92.65E-9,0.000
92.66E-9,0.000
92.67E-9,0.000
92.69E-9,0.000
92.71E-9,0.000
92.74E-9,0.000
92.78E-9,0.000
92.85E-9,0.000
92.94E-9,0.000
93.06E-9,0.000
93.22E-9,0.000
93.45E-9,0.000
93.75E-9,0.000
94.16E-9,0.000
94.58E-9,0.000
95.00E-9,0.000
95.00E-9,1.953E-3
95.00E-9,5.859E-3
95.00E-9,13.67E-3
95.00E-9,22.82E-3
95.00E-9,38.31E-3
95.01E-9,64.95E-3
95.01E-9,108.6E-3
95.02E-9,173.1E-3
95.03E-9,269.3E-3
95.03E-9,319.7E-3
95.04E-9,370.3E-3
95.04E-9,422.5E-3
95.05E-9,461.3E-3
95.05E-9,500.0E-3
95.05E-9,500.8E-3
95.05E-9,502.3E-3
95.05E-9,505.4E-3
95.05E-9,510.1E-3
95.05E-9,512.1E-3
95.05E-9,516.1E-3
95.05E-9,524.1E-3
95.05E-9,540.1E-3
95.06E-9,572.1E-3
95.06E-9,603.7E-3
95.06E-9,635.8E-3
95.07E-9,668.9E-3
95.07E-9,714.0E-3
95.08E-9,753.0E-3
95.08E-9,792.3E-3
95.08E-9,839.1E-3
95.09E-9,879.9E-3
95.09E-9,920.7E-3
95.10E-9,960.3E-3
95.10E-9,1.000
95.10E-9,1.000
95.10E-9,1.000
95.10E-9,1.000
95.10E-9,1.000
95.10E-9,1.000
95.10E-9,1.000
95.10E-9,1.000
95.11E-9,1.000
95.11E-9,1.000
95.12E-9,1.000
95.13E-9,1.000
95.14E-9,1.000
95.15E-9,1.000
95.17E-9,1.000
95.19E-9,1.000
95.20E-9,1.000
95.22E-9,1.000
95.23E-9,1.000
95.26E-9,1.000
95.30E-9,1.000
95.35E-9,1.000
95.42E-9,1.000
95.52E-9,1.000
95.64E-9,1.000
95.81E-9,1.000
96.03E-9,1.000
96.22E-9,1.000
96.43E-9,1.000
96.52E-9,1.000
96.69E-9,1.000
96.90E-9,1.000
97.20E-9,1.000
97.50E-9,1.000
97.50E-9,1.000
97.50E-9,1.000
97.50E-9,1.000
97.50E-9,1.000
97.50E-9,1.000
97.51E-9,1.000
97.51E-9,1.000
97.52E-9,1.000
97.53E-9,1.000
97.53E-9,1.000
97.53E-9,1.000
97.54E-9,1.000
97.54E-9,1.000
97.54E-9,1.000
97.54E-9,1.000
97.55E-9,1.000
97.55E-9,1.000
97.55E-9,1.000
97.55E-9,1.000
97.55E-9,1.000
97.55E-9,1.000
97.55E-9,1.000
97.55E-9,1.000
97.55E-9,1.000
97.55E-9,1.000
97.55E-9,1.000
97.55E-9,1.000
97.55E-9,1.000
97.56E-9,1.000
97.56E-9,1.000
97.56E-9,1.000
97.57E-9,1.000
97.57E-9,1.000
97.57E-9,1.000
97.58E-9,1.000
97.58E-9,1.000
97.59E-9,1.000
97.60E-9,1.000
97.60E-9,1.000
97.61E-9,1.000
97.61E-9,1.000
97.61E-9,1.000
97.61E-9,1.000
97.61E-9,1.000
97.61E-9,1.000
97.61E-9,1.000
97.62E-9,1.000
97.62E-9,1.000
97.62E-9,1.000
97.62E-9,1.000
97.63E-9,1.000
97.63E-9,1.000
97.63E-9,1.000
97.64E-9,1.000
97.65E-9,1.000
97.65E-9,1.000
97.67E-9,1.000
97.68E-9,1.000
97.70E-9,1.000
97.73E-9,1.000
97.76E-9,1.000
97.83E-9,1.000
97.92E-9,1.000
98.04E-9,1.000
98.20E-9,1.000
98.41E-9,1.000
98.70E-9,1.000
99.09E-9,1.000
99.63E-9,1.000
100.0E-9,1.000
