time (s),v("/D2" ?result "tran") (V)
0.000,41.07E-9
48.83E-15,-10.04E-6
146.5E-15,-32.02E-6
341.8E-15,-76.23E-6
609.9E-15,-131.9E-6
1.146E-12,-238.7E-6
1.969E-12,-361.7E-6
3.615E-12,-527.0E-6
6.132E-12,-649.0E-6
9.591E-12,-690.4E-6
14.18E-12,-664.5E-6
20.31E-12,-612.4E-6
28.02E-12,-568.6E-6
32.60E-12,-534.4E-6
38.89E-12,-421.3E-6
43.43E-12,-312.1E-6
46.72E-12,-220.9E-6
50.00E-12,-73.88E-6
50.05E-12,-55.34E-6
50.16E-12,-22.81E-6
50.21E-12,-6.163E-6
50.31E-12,25.29E-6
50.52E-12,85.42E-6
50.93E-12,193.3E-6
51.76E-12,368.8E-6
53.42E-12,596.9E-6
56.01E-12,729.0E-6
58.82E-12,636.0E-6
62.21E-12,240.7E-6
65.10E-12,-235.8E-6
68.40E-12,-710.9E-6
72.95E-12,-952.5E-6
76.28E-12,-943.5E-6
79.25E-12,-862.5E-6
83.03E-12,-686.4E-6
87.56E-12,-380.3E-6
92.00E-12,-52.31E-6
95.84E-12,154.5E-6
100.0E-12,301.7E-6
100.1E-12,303.8E-6
100.2E-12,308.0E-6
100.3E-12,310.1E-6
100.4E-12,314.1E-6
100.7E-12,321.7E-6
101.3E-12,335.0E-6
102.4E-12,355.9E-6
104.7E-12,381.9E-6
109.3E-12,400.1E-6
117.6E-12,383.8E-6
127.7E-12,332.2E-6
138.5E-12,301.4E-6
150.5E-12,307.5E-6
159.7E-12,310.2E-6
169.2E-12,306.3E-6
178.4E-12,298.0E-6
190.4E-12,288.7E-6
200.0E-12,278.6E-6
200.2E-12,284.4E-6
200.6E-12,295.7E-6
201.5E-12,311.7E-6
201.9E-12,316.7E-6
202.8E-12,322.6E-6
204.5E-12,323.3E-6
207.9E-12,306.4E-6
214.7E-12,267.2E-6
221.7E-12,245.0E-6
229.0E-12,233.5E-6
238.0E-12,222.3E-6
246.8E-12,211.9E-6
258.7E-12,197.9E-6
271.3E-12,182.9E-6
285.7E-12,166.4E-6
302.1E-12,148.9E-6
322.4E-12,131.6E-6
338.3E-12,123.8E-6
355.3E-12,118.3E-6
373.4E-12,114.0E-6
386.7E-12,112.2E-6
400.0E-12,101.0E-6
400.3E-12,100.3E-6
400.9E-12,98.99E-6
401.2E-12,98.41E-6
401.8E-12,97.42E-6
403.0E-12,95.85E-6
405.5E-12,93.45E-6
410.3E-12,88.99E-6
420.1E-12,79.33E-6
435.9E-12,66.09E-6
454.5E-12,55.66E-6
477.4E-12,46.03E-6
507.1E-12,36.45E-6
553.4E-12,25.10E-6
618.8E-12,14.70E-6
706.8E-12,6.876E-6
820.7E-12,2.520E-6
976.1E-12,433.6E-9
1.182E-9,19.14E-9
1.458E-9,-125.8E-9
1.842E-9,-31.62E-9
2.171E-9,-119.6E-9
2.500E-9,-36.47E-9
2.500E-9,59.59E-6
2.501E-9,180.3E-6
2.501E-9,352.3E-6
2.502E-9,521.0E-6
2.504E-9,710.0E-6
2.509E-9,826.0E-6
2.515E-9,827.1E-6
2.524E-9,773.6E-6
2.527E-9,722.9E-6
2.530E-9,675.5E-6
2.534E-9,609.0E-6
2.536E-9,553.3E-6
2.539E-9,515.5E-6
2.540E-9,536.3E-6
2.542E-9,617.4E-6
2.544E-9,697.0E-6
2.546E-9,773.9E-6
2.547E-9,804.9E-6
2.549E-9,816.0E-6
2.550E-9,820.9E-6
2.550E-9,814.6E-6
2.550E-9,800.7E-6
2.550E-9,793.7E-6
2.550E-9,780.0E-6
2.550E-9,753.4E-6
2.550E-9,740.6E-6
2.551E-9,715.8E-6
2.551E-9,669.4E-6
2.551E-9,587.6E-6
2.552E-9,457.6E-6
2.555E-9,281.5E-6
2.558E-9,139.0E-6
2.561E-9,49.67E-6
2.564E-9,-10.76E-6
2.568E-9,-41.78E-6
2.573E-9,16.04E-6
2.578E-9,189.5E-6
2.582E-9,373.6E-6
2.587E-9,577.7E-6
2.591E-9,732.2E-6
2.597E-9,836.0E-6
2.598E-9,847.9E-6
2.601E-9,856.1E-6
2.601E-9,855.6E-6
2.602E-9,853.7E-6
2.602E-9,852.2E-6
2.603E-9,848.1E-6
2.604E-9,835.3E-6
2.607E-9,787.7E-6
2.612E-9,630.4E-6
2.616E-9,369.2E-6
2.621E-9,82.84E-6
2.627E-9,-195.1E-6
2.633E-9,-408.0E-6
2.640E-9,-573.7E-6
2.649E-9,-669.7E-6
2.660E-9,-695.1E-6
2.675E-9,-662.5E-6
2.695E-9,-566.4E-6
2.700E-9,-526.1E-6
2.710E-9,-407.5E-6
2.716E-9,-286.5E-6
2.721E-9,-120.6E-6
2.727E-9,459.8E-6
2.730E-9,1.067E-3
2.733E-9,2.289E-3
2.736E-9,3.825E-3
2.739E-9,4.650E-3
2.742E-9,4.732E-3
2.745E-9,4.155E-3
2.748E-9,3.524E-3
2.750E-9,2.824E-3
2.753E-9,2.052E-3
2.757E-9,1.401E-3
2.759E-9,1.045E-3
2.762E-9,794.2E-6
2.765E-9,666.5E-6
2.767E-9,587.8E-6
2.770E-9,524.1E-6
2.773E-9,561.8E-6
2.776E-9,751.2E-6
2.778E-9,1.181E-3
2.781E-9,1.839E-3
2.783E-9,2.839E-3
2.786E-9,3.973E-3
2.788E-9,4.558E-3
2.791E-9,4.244E-3
2.794E-9,3.079E-3
2.798E-9,1.494E-3
2.801E-9,496.0E-6
2.803E-9,-177.6E-6
2.806E-9,-581.6E-6
2.810E-9,-679.8E-6
2.814E-9,-598.6E-6
2.818E-9,-428.4E-6
2.821E-9,-309.6E-6
2.824E-9,-177.9E-6
2.827E-9,-79.20E-6
2.829E-9,-22.55E-6
2.833E-9,35.70E-6
2.836E-9,100.9E-6
2.838E-9,124.2E-6
2.841E-9,98.10E-6
2.844E-9,43.25E-6
2.848E-9,-15.34E-6
2.853E-9,150.8E-6
2.854E-9,229.1E-6
2.855E-9,399.5E-6
2.858E-9,582.9E-6
2.860E-9,614.9E-6
2.863E-9,537.1E-6
2.867E-9,399.6E-6
2.870E-9,224.6E-6
2.875E-9,90.26E-6
2.878E-9,34.73E-6
2.881E-9,-26.74E-6
2.885E-9,-126.1E-6
2.888E-9,-254.0E-6
2.893E-9,-516.5E-6
2.898E-9,-712.1E-6
2.900E-9,-465.2E-6
2.903E-9,144.3E-6
2.907E-9,840.7E-6
2.910E-9,1.686E-3
2.912E-9,2.817E-3
2.915E-9,4.089E-3
2.917E-9,4.637E-3
2.920E-9,4.414E-3
2.923E-9,3.774E-3
2.926E-9,2.830E-3
2.928E-9,2.344E-3
2.931E-9,2.052E-3
2.933E-9,1.782E-3
2.936E-9,1.517E-3
2.938E-9,1.302E-3
2.941E-9,1.134E-3
2.943E-9,1.018E-3
2.946E-9,936.5E-6
2.949E-9,906.7E-6
2.951E-9,878.2E-6
2.954E-9,869.8E-6
2.957E-9,894.1E-6
2.959E-9,926.6E-6
2.962E-9,1.036E-3
2.965E-9,1.296E-3
2.969E-9,1.996E-3
2.971E-9,2.962E-3
2.974E-9,4.098E-3
2.977E-9,4.462E-3
2.980E-9,3.986E-3
2.983E-9,3.010E-3
2.986E-9,2.284E-3
2.989E-9,1.613E-3
2.992E-9,1.296E-3
2.995E-9,1.063E-3
2.998E-9,936.9E-6
3.000E-9,853.5E-6
3.003E-9,792.1E-6
3.007E-9,803.1E-6
3.009E-9,860.0E-6
3.012E-9,1.049E-3
3.016E-9,1.445E-3
3.020E-9,2.547E-3
3.022E-9,3.658E-3
3.025E-9,4.620E-3
3.028E-9,4.908E-3
3.031E-9,4.497E-3
3.035E-9,3.573E-3
3.039E-9,2.402E-3
3.045E-9,1.351E-3
3.051E-9,561.5E-6
3.059E-9,-13.13E-6
3.066E-9,-541.3E-6
3.072E-9,-883.7E-6
3.076E-9,-823.9E-6
3.080E-9,-518.9E-6
3.084E-9,-37.43E-6
3.088E-9,433.3E-6
3.090E-9,805.7E-6
3.093E-9,1.197E-3
3.096E-9,1.656E-3
3.098E-9,2.284E-3
3.101E-9,3.302E-3
3.103E-9,4.437E-3
3.106E-9,5.100E-3
3.109E-9,5.121E-3
3.112E-9,4.509E-3
3.116E-9,3.418E-3
3.121E-9,2.199E-3
3.127E-9,1.213E-3
3.134E-9,536.4E-6
3.142E-9,172.5E-6
3.148E-9,84.14E-6
3.155E-9,41.23E-6
3.159E-9,60.98E-6
3.163E-9,91.30E-6
3.166E-9,94.27E-6
3.169E-9,81.97E-6
3.173E-9,61.67E-6
3.178E-9,37.21E-6
3.184E-9,17.67E-6
3.191E-9,-995.2E-9
3.196E-9,-20.40E-6
3.203E-9,-63.89E-6
3.206E-9,-85.69E-6
3.209E-9,-152.6E-6
3.212E-9,-295.1E-6
3.216E-9,-478.8E-6
3.219E-9,-495.6E-6
3.221E-9,-266.8E-6
3.225E-9,399.4E-6
3.229E-9,1.590E-3
3.231E-9,3.041E-3
3.234E-9,4.231E-3
3.237E-9,4.776E-3
3.239E-9,4.717E-3
3.242E-9,4.307E-3
3.244E-9,3.798E-3
3.247E-9,3.233E-3
3.250E-9,2.512E-3
3.253E-9,1.880E-3
3.257E-9,1.251E-3
3.262E-9,729.8E-6
3.268E-9,380.5E-6
3.274E-9,166.7E-6
3.283E-9,55.27E-6
3.295E-9,11.54E-6
3.313E-9,2.362E-6
3.345E-9,3.222E-6
3.408E-9,2.148E-6
3.516E-9,2.512E-6
3.714E-9,1.331E-6
4.077E-9,1.431E-6
4.538E-9,318.5E-9
5.000E-9,704.9E-9
5.000E-9,-6.295E-6
5.000E-9,-20.90E-6
5.000E-9,-48.00E-6
5.001E-9,-92.11E-6
5.001E-9,-138.4E-6
5.002E-9,-207.1E-6
5.004E-9,-296.8E-6
5.007E-9,-363.4E-6
5.011E-9,-394.2E-6
5.018E-9,-400.7E-6
5.028E-9,-464.8E-6
5.033E-9,-644.3E-6
5.040E-9,-1.456E-3
5.045E-9,-2.496E-3
5.050E-9,-3.659E-3
5.050E-9,-3.656E-3
5.050E-9,-3.649E-3
5.051E-9,-3.636E-3
5.051E-9,-3.631E-3
5.051E-9,-3.621E-3
5.052E-9,-3.600E-3
5.053E-9,-3.550E-3
5.055E-9,-3.408E-3
5.058E-9,-3.124E-3
5.061E-9,-2.866E-3
5.065E-9,-2.591E-3
5.068E-9,-2.204E-3
5.073E-9,-1.553E-3
5.077E-9,-1.098E-3
5.081E-9,-801.7E-6
5.086E-9,-608.5E-6
5.091E-9,-467.7E-6
5.095E-9,-332.6E-6
5.100E-9,-198.2E-6
5.100E-9,-196.0E-6
5.100E-9,-191.2E-6
5.101E-9,-181.4E-6
5.101E-9,-176.8E-6
5.101E-9,-167.4E-6
5.102E-9,-148.4E-6
5.104E-9,-111.4E-6
5.107E-9,-45.53E-6
5.113E-9,47.73E-6
5.120E-9,104.6E-6
5.128E-9,141.5E-6
5.138E-9,169.7E-6
5.151E-9,193.7E-6
5.168E-9,209.8E-6
5.185E-9,223.6E-6
5.201E-9,232.4E-6
5.216E-9,240.4E-6
5.234E-9,248.4E-6
5.258E-9,256.4E-6
5.295E-9,263.0E-6
5.350E-9,264.2E-6
5.419E-9,256.2E-6
5.511E-9,234.8E-6
5.631E-9,197.3E-6
5.796E-9,154.5E-6
6.018E-9,106.9E-6
6.204E-9,43.87E-6
6.420E-9,2.101E-6
6.504E-9,2.255E-6
6.673E-9,-1.132E-6
6.869E-9,934.6E-9
7.184E-9,-1.068E-6
7.500E-9,749.6E-9
7.500E-9,42.78E-6
7.501E-9,122.9E-6
7.501E-9,263.9E-6
7.502E-9,388.0E-6
7.504E-9,539.0E-6
7.508E-9,654.1E-6
7.514E-9,730.8E-6
7.522E-9,747.6E-6
7.526E-9,732.6E-6
7.529E-9,717.4E-6
7.533E-9,689.0E-6
7.536E-9,669.0E-6
7.539E-9,659.7E-6
7.542E-9,672.4E-6
7.543E-9,683.9E-6
7.545E-9,696.3E-6
7.547E-9,703.2E-6
7.548E-9,704.6E-6
7.550E-9,700.4E-6
7.550E-9,695.5E-6
7.550E-9,685.2E-6
7.550E-9,680.0E-6
7.550E-9,670.0E-6
7.550E-9,650.6E-6
7.551E-9,614.4E-6
7.551E-9,551.0E-6
7.552E-9,450.1E-6
7.554E-9,309.9E-6
7.557E-9,197.9E-6
7.560E-9,110.0E-6
7.564E-9,59.37E-6
7.569E-9,100.3E-6
7.572E-9,186.4E-6
7.576E-9,294.9E-6
7.580E-9,393.8E-6
7.584E-9,498.5E-6
7.590E-9,578.4E-6
7.596E-9,314.3E-6
7.601E-9,-895.4E-6
7.607E-9,-3.906E-3
7.612E-9,-7.378E-3
7.614E-9,-8.973E-3
7.618E-9,-10.40E-3
7.621E-9,-10.22E-3
7.624E-9,-8.838E-3
7.625E-9,-8.288E-3
7.627E-9,-7.202E-3
7.631E-9,-5.324E-3
7.636E-9,-3.286E-3
7.641E-9,-1.761E-3
7.647E-9,-741.9E-6
7.654E-9,-130.3E-6
7.660E-9,112.0E-6
7.666E-9,232.2E-6
7.670E-9,295.0E-6
7.673E-9,312.9E-6
7.677E-9,306.5E-6
7.681E-9,291.0E-6
7.686E-9,267.9E-6
7.692E-9,243.6E-6
7.697E-9,284.6E-6
7.701E-9,416.7E-6
7.704E-9,495.4E-6
7.707E-9,541.2E-6
7.709E-9,565.9E-6
7.712E-9,586.2E-6
7.714E-9,606.9E-6
7.718E-9,686.9E-6
7.721E-9,925.9E-6
7.726E-9,1.654E-3
7.728E-9,2.466E-3
7.731E-9,3.217E-3
7.734E-9,3.429E-3
7.736E-9,3.211E-3
7.740E-9,2.630E-3
7.743E-9,2.043E-3
7.746E-9,1.481E-3
7.751E-9,910.9E-6
7.757E-9,525.3E-6
7.765E-9,303.0E-6
7.774E-9,196.6E-6
7.788E-9,154.1E-6
7.809E-9,134.5E-6
7.849E-9,111.9E-6
7.929E-9,81.03E-6
8.064E-9,55.38E-6
8.235E-9,37.84E-6
8.459E-9,26.88E-6
8.757E-9,18.02E-6
9.171E-9,12.54E-6
9.585E-9,8.497E-6
10.00E-9,6.868E-6
10.00E-9,742.1E-9
10.00E-9,-12.32E-6
10.00E-9,-35.58E-6
10.00E-9,-69.89E-6
10.00E-9,-107.5E-6
10.00E-9,-160.8E-6
10.00E-9,-225.8E-6
10.01E-9,-275.2E-6
10.01E-9,-308.5E-6
10.02E-9,-329.6E-6
10.02E-9,-346.7E-6
10.03E-9,-399.4E-6
10.04E-9,-637.0E-6
10.05E-9,-1.256E-3
10.05E-9,-2.171E-3
10.05E-9,-2.158E-3
10.05E-9,-2.154E-3
10.05E-9,-2.146E-3
10.05E-9,-2.144E-3
10.05E-9,-2.145E-3
10.05E-9,-2.149E-3
10.05E-9,-2.157E-3
10.05E-9,-2.159E-3
10.05E-9,-2.160E-3
10.06E-9,-2.146E-3
10.06E-9,-2.094E-3
10.06E-9,-1.992E-3
10.06E-9,-1.771E-3
10.07E-9,-1.310E-3
10.07E-9,-472.6E-6
10.08E-9,122.0E-6
10.08E-9,386.1E-6
10.08E-9,363.9E-6
10.09E-9,265.7E-6
10.09E-9,212.8E-6
10.10E-9,195.3E-6
10.10E-9,197.1E-6
10.10E-9,197.9E-6
10.10E-9,199.3E-6
10.10E-9,201.1E-6
10.10E-9,202.6E-6
10.11E-9,203.4E-6
10.11E-9,204.4E-6
10.12E-9,200.5E-6
10.13E-9,190.7E-6
10.14E-9,187.0E-6
10.15E-9,191.7E-6
10.16E-9,200.7E-6
10.17E-9,209.7E-6
10.18E-9,220.2E-6
10.19E-9,228.8E-6
10.20E-9,237.8E-6
10.20E-9,235.1E-6
10.20E-9,229.7E-6
10.20E-9,221.1E-6
10.20E-9,211.7E-6
10.20E-9,209.8E-6
10.20E-9,209.2E-6
10.21E-9,214.3E-6
10.21E-9,229.6E-6
10.22E-9,248.2E-6
10.23E-9,255.5E-6
10.25E-9,260.4E-6
10.26E-9,265.3E-6
10.28E-9,269.8E-6
10.29E-9,273.2E-6
10.31E-9,275.9E-6
10.34E-9,277.7E-6
10.37E-9,277.2E-6
10.42E-9,271.5E-6
10.48E-9,256.6E-6
10.57E-9,227.9E-6
10.68E-9,187.6E-6
10.83E-9,150.4E-6
11.01E-9,110.5E-6
11.19E-9,48.60E-6
11.40E-9,4.116E-6
11.49E-9,3.515E-6
11.68E-9,-1.272E-6
11.87E-9,1.593E-6
12.25E-9,-1.197E-6
12.50E-9,1.325E-6
12.50E-9,46.99E-6
12.50E-9,134.8E-6
12.50E-9,278.8E-6
12.50E-9,418.5E-6
12.50E-9,589.5E-6
12.51E-9,712.1E-6
12.51E-9,774.6E-6
12.52E-9,775.4E-6
12.53E-9,740.0E-6
12.53E-9,691.9E-6
12.53E-9,589.0E-6
12.54E-9,488.0E-6
12.54E-9,347.2E-6
12.54E-9,276.1E-6
12.54E-9,277.6E-6
12.54E-9,344.7E-6
12.55E-9,456.0E-6
12.55E-9,570.7E-6
12.55E-9,628.2E-6
12.55E-9,679.9E-6
12.55E-9,677.1E-6
12.55E-9,670.7E-6
12.55E-9,667.3E-6
12.55E-9,660.9E-6
12.55E-9,648.6E-6
12.55E-9,642.7E-6
12.55E-9,631.2E-6
12.55E-9,609.8E-6
12.55E-9,572.1E-6
12.55E-9,512.4E-6
12.55E-9,430.6E-6
12.56E-9,360.5E-6
12.56E-9,291.9E-6
12.56E-9,225.3E-6
12.57E-9,209.8E-6
12.57E-9,252.4E-6
12.58E-9,317.9E-6
12.58E-9,390.6E-6
12.58E-9,469.4E-6
12.59E-9,550.5E-6
12.60E-9,429.1E-6
12.60E-9,-760.6E-6
12.61E-9,-3.307E-3
12.61E-9,-7.105E-3
12.61E-9,-8.389E-3
12.62E-9,-10.57E-3
12.62E-9,-12.05E-3
12.62E-9,-11.15E-3
12.63E-9,-8.885E-3
12.63E-9,-8.213E-3
12.63E-9,-6.923E-3
12.63E-9,-6.321E-3
12.63E-9,-5.207E-3
12.64E-9,-4.702E-3
12.64E-9,-3.793E-3
12.64E-9,-3.390E-3
12.64E-9,-2.677E-3
12.64E-9,-1.583E-3
12.65E-9,-442.9E-6
12.66E-9,132.4E-6
12.67E-9,349.3E-6
12.69E-9,360.9E-6
12.71E-9,303.5E-6
12.74E-9,238.8E-6
12.78E-9,178.9E-6
12.85E-9,122.5E-6
12.94E-9,87.15E-6
13.06E-9,61.45E-6
13.22E-9,44.43E-6
13.45E-9,31.21E-6
13.75E-9,22.58E-6
14.16E-9,15.64E-6
14.58E-9,12.42E-6
15.00E-9,9.652E-6
15.00E-9,-18.72E-6
15.00E-9,-71.21E-6
15.00E-9,-156.2E-6
15.00E-9,-223.7E-6
15.00E-9,-299.9E-6
15.01E-9,-361.9E-6
15.01E-9,-390.2E-6
15.02E-9,-387.4E-6
15.03E-9,-391.9E-6
15.03E-9,-418.4E-6
15.04E-9,-487.5E-6
15.04E-9,-805.3E-6
15.05E-9,-1.347E-3
15.05E-9,-2.163E-3
15.05E-9,-2.160E-3
15.05E-9,-2.151E-3
15.05E-9,-2.138E-3
15.05E-9,-2.127E-3
15.05E-9,-2.124E-3
15.05E-9,-2.121E-3
15.05E-9,-2.119E-3
15.05E-9,-2.115E-3
15.06E-9,-2.078E-3
15.06E-9,-2.003E-3
15.06E-9,-1.866E-3
15.07E-9,-1.574E-3
15.07E-9,-909.9E-6
15.08E-9,-287.0E-6
15.08E-9,80.32E-6
15.08E-9,142.9E-6
15.09E-9,87.21E-6
15.09E-9,50.93E-6
15.10E-9,42.85E-6
15.10E-9,57.90E-6
15.10E-9,58.34E-6
15.10E-9,59.01E-6
15.10E-9,60.71E-6
15.10E-9,61.73E-6
15.10E-9,64.01E-6
15.10E-9,69.59E-6
15.10E-9,83.08E-6
15.11E-9,112.4E-6
15.11E-9,160.2E-6
15.12E-9,189.3E-6
15.13E-9,206.4E-6
15.14E-9,219.9E-6
15.15E-9,229.2E-6
15.17E-9,234.0E-6
15.19E-9,235.9E-6
15.20E-9,240.3E-6
15.22E-9,246.5E-6
15.23E-9,253.8E-6
15.26E-9,262.2E-6
15.30E-9,270.5E-6
15.35E-9,274.7E-6
15.42E-9,268.1E-6
15.52E-9,244.9E-6
15.64E-9,202.9E-6
15.81E-9,155.4E-6
16.03E-9,103.9E-6
16.22E-9,39.92E-6
16.43E-9,1.344E-6
16.52E-9,1.984E-6
16.69E-9,-1.347E-6
16.90E-9,976.3E-9
17.20E-9,-1.185E-6
17.50E-9,763.3E-9
17.50E-9,42.94E-6
17.50E-9,123.5E-6
17.50E-9,264.8E-6
17.50E-9,392.2E-6
17.50E-9,547.0E-6
17.51E-9,659.9E-6
17.51E-9,735.1E-6
17.52E-9,751.7E-6
17.53E-9,734.7E-6
17.53E-9,716.2E-6
17.53E-9,677.3E-6
17.54E-9,649.4E-6
17.54E-9,638.4E-6
17.54E-9,655.4E-6
17.54E-9,670.0E-6
17.55E-9,680.6E-6
17.55E-9,684.3E-6
17.55E-9,683.4E-6
17.55E-9,679.7E-6
17.55E-9,674.5E-6
17.55E-9,663.4E-6
17.55E-9,657.9E-6
17.55E-9,647.1E-6
17.55E-9,626.2E-6
17.55E-9,587.6E-6
17.55E-9,520.2E-6
17.55E-9,414.3E-6
17.55E-9,276.1E-6
17.56E-9,169.4E-6
17.56E-9,102.7E-6
17.56E-9,115.3E-6
17.57E-9,178.4E-6
17.57E-9,263.6E-6
17.57E-9,349.1E-6
17.58E-9,437.0E-6
17.58E-9,528.8E-6
17.59E-9,532.0E-6
17.60E-9,-287.0E-6
17.60E-9,-2.282E-3
17.61E-9,-5.996E-3
17.61E-9,-10.18E-3
17.61E-9,-11.37E-3
17.61E-9,-11.93E-3
17.61E-9,-12.20E-3
17.61E-9,-12.33E-3
17.61E-9,-12.58E-3
17.62E-9,-12.98E-3
17.62E-9,-13.20E-3
17.62E-9,-11.90E-3
17.62E-9,-9.737E-3
17.63E-9,-7.740E-3
17.63E-9,-5.595E-3
17.63E-9,-3.324E-3
17.64E-9,-1.725E-3
17.65E-9,-644.2E-6
17.65E-9,-12.39E-6
17.67E-9,297.6E-6
17.68E-9,360.1E-6
17.70E-9,312.3E-6
17.73E-9,248.8E-6
17.76E-9,188.2E-6
17.83E-9,128.3E-6
17.92E-9,91.08E-6
18.04E-9,64.34E-6
18.20E-9,46.37E-6
18.41E-9,32.80E-6
18.70E-9,23.50E-6
19.09E-9,16.52E-6
19.63E-9,11.90E-6
20.00E-9,9.761E-6
20.00E-9,-25.92E-6
20.00E-9,-91.24E-6
20.00E-9,-179.7E-6
20.00E-9,-248.2E-6
20.00E-9,-316.4E-6
20.01E-9,-356.6E-6
20.01E-9,-368.3E-6
20.02E-9,-362.6E-6
20.02E-9,-361.4E-6
20.03E-9,-384.4E-6
20.04E-9,-439.3E-6
20.04E-9,-725.6E-6
20.05E-9,-1.355E-3
20.05E-9,-2.159E-3
20.05E-9,-2.156E-3
20.05E-9,-2.147E-3
20.05E-9,-2.135E-3
20.05E-9,-2.123E-3
20.05E-9,-2.121E-3
20.05E-9,-2.119E-3
20.05E-9,-2.119E-3
20.05E-9,-2.123E-3
20.05E-9,-2.127E-3
20.05E-9,-2.132E-3
20.06E-9,-2.108E-3
20.06E-9,-2.032E-3
20.06E-9,-1.849E-3
20.07E-9,-1.442E-3
20.07E-9,-570.1E-6
20.07E-9,314.7E-6
20.08E-9,812.3E-6
20.08E-9,889.3E-6
20.09E-9,676.1E-6
20.09E-9,500.0E-6
20.10E-9,383.1E-6
20.10E-9,326.0E-6
20.10E-9,325.6E-6
20.10E-9,324.8E-6
20.10E-9,322.9E-6
20.10E-9,318.7E-6
20.10E-9,316.5E-6
20.10E-9,311.9E-6
20.10E-9,303.0E-6
20.11E-9,287.8E-6
20.11E-9,281.6E-6
20.11E-9,271.1E-6
20.12E-9,249.7E-6
20.12E-9,224.8E-6
20.13E-9,206.4E-6
20.14E-9,199.9E-6
20.14E-9,201.2E-6
20.15E-9,205.9E-6
20.16E-9,212.1E-6
20.17E-9,218.7E-6
20.18E-9,226.4E-6
20.19E-9,235.9E-6
20.20E-9,243.1E-6
20.20E-9,246.4E-6
20.20E-9,253.0E-6
20.20E-9,262.9E-6
20.20E-9,273.6E-6
20.21E-9,278.4E-6
20.21E-9,274.9E-6
20.21E-9,268.4E-6
20.22E-9,260.3E-6
20.23E-9,257.6E-6
20.24E-9,260.3E-6
20.25E-9,263.7E-6
20.26E-9,268.6E-6
20.27E-9,273.4E-6
20.28E-9,276.7E-6
20.29E-9,279.4E-6
20.31E-9,278.7E-6
20.33E-9,270.8E-6
20.35E-9,257.6E-6
20.37E-9,257.6E-6
20.39E-9,265.1E-6
20.39E-9,268.7E-6
20.40E-9,272.0E-6
20.40E-9,272.3E-6
20.40E-9,272.7E-6
20.40E-9,273.5E-6
20.40E-9,273.9E-6
20.40E-9,274.4E-6
20.40E-9,275.2E-6
20.40E-9,275.5E-6
20.41E-9,275.9E-6
20.41E-9,276.7E-6
20.41E-9,278.0E-6
20.42E-9,279.4E-6
20.44E-9,277.9E-6
20.45E-9,273.1E-6
20.47E-9,266.7E-6
20.49E-9,258.3E-6
20.52E-9,248.0E-6
20.55E-9,234.1E-6
20.60E-9,215.1E-6
20.68E-9,190.9E-6
20.77E-9,164.6E-6
20.90E-9,137.2E-6
21.06E-9,92.59E-6
21.27E-9,23.86E-6
21.49E-9,-582.2E-9
21.73E-9,891.8E-9
21.92E-9,-1.361E-6
22.22E-9,696.1E-9
22.50E-9,-1.179E-6
22.50E-9,45.10E-6
22.50E-9,134.0E-6
22.50E-9,277.7E-6
22.50E-9,417.6E-6
22.50E-9,588.1E-6
22.51E-9,714.7E-6
22.51E-9,770.8E-6
22.52E-9,759.1E-6
22.53E-9,716.4E-6
22.53E-9,667.5E-6
22.53E-9,591.2E-6
22.54E-9,541.9E-6
22.54E-9,535.3E-6
22.54E-9,553.3E-6
22.54E-9,596.4E-6
22.54E-9,640.2E-6
22.55E-9,675.8E-6
22.55E-9,694.9E-6
22.55E-9,703.0E-6
22.55E-9,710.7E-6
22.55E-9,705.8E-6
22.55E-9,695.2E-6
22.55E-9,689.8E-6
22.55E-9,679.3E-6
22.55E-9,659.0E-6
22.55E-9,649.2E-6
22.55E-9,630.4E-6
22.55E-9,595.1E-6
22.55E-9,533.2E-6
22.55E-9,435.4E-6
22.55E-9,303.8E-6
22.56E-9,209.4E-6
22.56E-9,136.6E-6
22.56E-9,77.50E-6
22.57E-9,39.34E-6
22.57E-9,92.62E-6
22.58E-9,198.5E-6
22.58E-9,316.9E-6
22.59E-9,436.4E-6
22.59E-9,533.5E-6
22.60E-9,516.6E-6
22.61E-9,-403.9E-6
22.61E-9,-2.536E-3
22.62E-9,-6.265E-3
22.62E-9,-10.40E-3
22.62E-9,-11.45E-3
22.62E-9,-11.93E-3
22.63E-9,-12.65E-3
22.63E-9,-12.60E-3
22.63E-9,-10.91E-3
22.63E-9,-8.723E-3
22.64E-9,-6.764E-3
22.64E-9,-4.622E-3
22.65E-9,-2.647E-3
22.65E-9,-1.254E-3
22.66E-9,-365.8E-6
22.67E-9,135.6E-6
22.68E-9,342.6E-6
22.70E-9,355.1E-6
22.72E-9,291.7E-6
22.75E-9,229.7E-6
22.79E-9,169.2E-6
22.87E-9,117.0E-6
22.96E-9,82.70E-6
23.09E-9,58.84E-6
23.26E-9,42.09E-6
23.49E-9,29.97E-6
23.80E-9,21.29E-6
24.23E-9,15.14E-6
24.62E-9,11.99E-6
25.00E-9,9.906E-6
25.00E-9,-22.15E-6
25.00E-9,-81.02E-6
25.00E-9,-163.9E-6
25.00E-9,-231.5E-6
25.00E-9,-306.0E-6
25.01E-9,-366.3E-6
25.01E-9,-392.6E-6
25.02E-9,-389.2E-6
25.03E-9,-388.4E-6
25.03E-9,-407.9E-6
25.04E-9,-451.5E-6
25.04E-9,-691.3E-6
25.05E-9,-1.237E-3
25.05E-9,-2.132E-3
25.05E-9,-2.126E-3
25.05E-9,-2.113E-3
25.05E-9,-2.097E-3
25.05E-9,-2.094E-3
25.05E-9,-2.089E-3
25.05E-9,-2.087E-3
25.05E-9,-2.094E-3
25.05E-9,-2.097E-3
25.05E-9,-2.101E-3
25.06E-9,-2.090E-3
25.06E-9,-1.998E-3
25.06E-9,-1.796E-3
25.07E-9,-1.365E-3
25.07E-9,-503.0E-6
25.08E-9,305.6E-6
25.08E-9,679.3E-6
25.08E-9,629.5E-6
25.09E-9,463.7E-6
25.09E-9,329.2E-6
25.10E-9,256.5E-6
25.10E-9,220.5E-6
25.10E-9,219.7E-6
25.10E-9,217.9E-6
25.10E-9,214.8E-6
25.10E-9,211.0E-6
25.10E-9,209.8E-6
25.10E-9,208.5E-6
25.10E-9,208.2E-6
25.11E-9,212.0E-6
25.11E-9,221.9E-6
25.12E-9,226.8E-6
25.13E-9,227.2E-6
25.14E-9,231.3E-6
25.15E-9,236.7E-6
25.16E-9,241.6E-6
25.18E-9,242.8E-6
25.20E-9,245.0E-6
25.21E-9,249.9E-6
25.23E-9,255.8E-6
25.25E-9,263.0E-6
25.29E-9,270.3E-6
25.34E-9,274.6E-6
25.40E-9,270.1E-6
25.49E-9,251.3E-6
25.60E-9,214.2E-6
25.75E-9,167.5E-6
25.96E-9,121.8E-6
26.15E-9,64.02E-6
26.36E-9,7.762E-6
26.63E-9,-732.6E-9
26.83E-9,-850.1E-9
27.05E-9,-141.1E-9
27.27E-9,-650.4E-9
27.50E-9,-206.7E-9
27.50E-9,43.09E-6
27.50E-9,125.7E-6
27.50E-9,264.2E-6
27.50E-9,391.9E-6
27.50E-9,546.2E-6
27.51E-9,664.0E-6
27.51E-9,733.4E-6
27.52E-9,748.5E-6
27.53E-9,730.1E-6
27.53E-9,709.4E-6
27.53E-9,672.6E-6
27.54E-9,647.6E-6
27.54E-9,636.5E-6
27.54E-9,647.2E-6
27.54E-9,651.9E-6
27.55E-9,651.5E-6
27.55E-9,650.5E-6
27.55E-9,655.0E-6
27.55E-9,665.9E-6
27.55E-9,661.4E-6
27.55E-9,651.8E-6
27.55E-9,647.0E-6
27.55E-9,637.6E-6
27.55E-9,619.5E-6
27.55E-9,610.8E-6
27.55E-9,594.0E-6
27.55E-9,562.8E-6
27.55E-9,508.0E-6
27.55E-9,421.4E-6
27.55E-9,301.2E-6
27.56E-9,209.8E-6
27.56E-9,132.7E-6
27.56E-9,75.84E-6
27.57E-9,86.46E-6
27.57E-9,175.6E-6
27.58E-9,280.9E-6
27.58E-9,411.6E-6
27.59E-9,503.7E-6
27.59E-9,560.6E-6
27.60E-9,257.0E-6
27.60E-9,-992.5E-6
27.61E-9,-4.233E-3
27.61E-9,-8.117E-3
27.62E-9,-9.933E-3
27.62E-9,-12.81E-3
27.62E-9,-13.14E-3
27.63E-9,-10.79E-3
27.63E-9,-9.977E-3
27.63E-9,-8.453E-3
27.63E-9,-6.222E-3
27.64E-9,-3.771E-3
27.64E-9,-2.006E-3
27.65E-9,-826.9E-6
27.66E-9,-116.9E-6
27.67E-9,251.5E-6
27.68E-9,358.2E-6
27.70E-9,318.6E-6
27.73E-9,257.7E-6
27.76E-9,195.6E-6
27.83E-9,135.9E-6
27.91E-9,95.01E-6
28.03E-9,68.10E-6
28.17E-9,47.90E-6
28.38E-9,34.98E-6
28.65E-9,23.96E-6
29.03E-9,17.90E-6
29.54E-9,11.78E-6
30.00E-9,10.28E-6
30.00E-9,-18.95E-6
30.00E-9,-69.75E-6
30.00E-9,-141.1E-6
30.00E-9,-193.6E-6
30.00E-9,-249.6E-6
30.01E-9,-292.8E-6
30.01E-9,-325.0E-6
30.02E-9,-342.4E-6
30.02E-9,-361.4E-6
30.03E-9,-405.2E-6
30.04E-9,-495.1E-6
30.04E-9,-867.3E-6
30.05E-9,-1.400E-3
30.05E-9,-2.165E-3
30.05E-9,-2.160E-3
30.05E-9,-2.149E-3
30.05E-9,-2.133E-3
30.05E-9,-2.121E-3
30.05E-9,-2.116E-3
30.05E-9,-2.113E-3
30.05E-9,-2.117E-3
30.05E-9,-2.121E-3
30.05E-9,-2.130E-3
30.06E-9,-2.138E-3
30.06E-9,-2.095E-3
30.06E-9,-1.928E-3
30.06E-9,-1.577E-3
30.07E-9,-927.9E-6
30.07E-9,304.0E-6
30.08E-9,1.021E-3
30.08E-9,1.240E-3
30.08E-9,1.028E-3
30.09E-9,720.4E-6
30.09E-9,543.6E-6
30.10E-9,399.1E-6
30.10E-9,393.3E-6
30.10E-9,391.7E-6
30.10E-9,388.1E-6
30.10E-9,380.2E-6
30.10E-9,364.1E-6
30.11E-9,335.5E-6
30.11E-9,297.4E-6
30.12E-9,266.2E-6
30.13E-9,226.8E-6
30.14E-9,196.9E-6
30.15E-9,190.0E-6
30.16E-9,189.1E-6
30.17E-9,195.1E-6
30.18E-9,206.0E-6
30.19E-9,216.9E-6
30.20E-9,231.2E-6
30.20E-9,228.6E-6
30.20E-9,223.4E-6
30.20E-9,214.6E-6
30.20E-9,203.7E-6
30.20E-9,201.0E-6
30.20E-9,199.1E-6
30.21E-9,203.5E-6
30.21E-9,224.4E-6
30.22E-9,257.3E-6
30.23E-9,269.2E-6
30.25E-9,269.6E-6
30.26E-9,270.0E-6
30.28E-9,271.7E-6
30.29E-9,273.6E-6
30.31E-9,275.0E-6
30.34E-9,275.4E-6
30.37E-9,273.2E-6
30.43E-9,265.6E-6
30.49E-9,249.5E-6
30.58E-9,221.4E-6
30.69E-9,183.7E-6
30.84E-9,148.6E-6
31.02E-9,106.3E-6
31.21E-9,42.55E-6
31.42E-9,2.528E-6
31.51E-9,2.155E-6
31.70E-9,-777.7E-9
31.90E-9,666.9E-9
32.20E-9,-827.6E-9
32.50E-9,501.1E-9
32.50E-9,48.61E-6
32.50E-9,142.6E-6
32.50E-9,301.1E-6
32.50E-9,461.7E-6
32.50E-9,669.2E-6
32.51E-9,834.8E-6
32.51E-9,933.1E-6
32.52E-9,1.021E-3
32.53E-9,1.045E-3
32.53E-9,1.016E-3
32.53E-9,873.2E-6
32.54E-9,695.9E-6
32.54E-9,415.3E-6
32.54E-9,212.1E-6
32.54E-9,-78.48E-6
32.54E-9,-437.3E-6
32.55E-9,-1.009E-3
32.55E-9,-1.789E-3
32.55E-9,-2.297E-3
32.55E-9,-2.877E-3
32.55E-9,-2.901E-3
32.55E-9,-2.949E-3
32.55E-9,-2.974E-3
32.55E-9,-3.023E-3
32.55E-9,-3.121E-3
32.55E-9,-3.170E-3
32.55E-9,-3.269E-3
32.55E-9,-3.468E-3
32.55E-9,-3.873E-3
32.55E-9,-4.704E-3
32.55E-9,-6.447E-3
32.56E-9,-8.904E-3
32.56E-9,-12.03E-3
32.56E-9,-15.34E-3
32.57E-9,-10.52E-3
32.57E-9,22.51E-3
32.58E-9,72.51E-3
32.58E-9,144.6E-3
32.58E-9,230.6E-3
32.59E-9,338.4E-3
32.60E-9,478.1E-3
32.60E-9,622.0E-3
32.61E-9,713.6E-3
32.61E-9,792.9E-3
32.62E-9,856.4E-3
32.62E-9,868.6E-3
32.62E-9,874.3E-3
32.62E-9,885.0E-3
32.62E-9,900.0E-3
32.63E-9,919.8E-3
32.63E-9,932.8E-3
32.63E-9,945.3E-3
32.64E-9,960.4E-3
32.64E-9,973.1E-3
32.65E-9,983.5E-3
32.66E-9,991.3E-3
32.67E-9,997.0E-3
32.68E-9,1.000
32.70E-9,1.001
32.72E-9,1.001
32.75E-9,1.001
32.81E-9,1.000
32.89E-9,1.000
32.99E-9,1.000
33.13E-9,1.000
33.32E-9,1.000
33.57E-9,1.000
33.92E-9,1.000
34.39E-9,1.000
35.00E-9,1.000
35.00E-9,1.000
35.00E-9,999.9E-3
35.00E-9,999.8E-3
35.00E-9,999.6E-3
35.00E-9,999.4E-3
35.01E-9,999.3E-3
35.01E-9,999.1E-3
35.02E-9,999.0E-3
35.03E-9,999.0E-3
35.03E-9,999.4E-3
35.04E-9,1.001
35.04E-9,1.003
35.05E-9,1.005
35.05E-9,1.007
35.05E-9,1.007
35.05E-9,1.007
35.05E-9,1.007
35.05E-9,1.007
35.05E-9,1.008
35.05E-9,1.008
35.05E-9,1.009
35.05E-9,1.009
35.05E-9,1.010
35.06E-9,1.009
35.06E-9,989.2E-3
35.06E-9,949.6E-3
35.07E-9,883.6E-3
35.07E-9,784.6E-3
35.07E-9,663.0E-3
35.08E-9,547.8E-3
35.08E-9,404.4E-3
35.09E-9,249.2E-3
35.09E-9,163.8E-3
35.10E-9,114.2E-3
35.10E-9,78.43E-3
35.10E-9,77.53E-3
35.10E-9,75.75E-3
35.10E-9,72.30E-3
35.10E-9,66.32E-3
35.10E-9,63.89E-3
35.10E-9,59.27E-3
35.10E-9,50.97E-3
35.11E-9,37.52E-3
35.11E-9,19.90E-3
35.12E-9,8.571E-3
35.13E-9,3.233E-3
35.14E-9,1.124E-3
35.15E-9,418.9E-6
35.16E-9,260.8E-6
35.18E-9,247.9E-6
35.20E-9,243.2E-6
35.21E-9,246.8E-6
35.23E-9,253.6E-6
35.25E-9,260.7E-6
35.29E-9,268.9E-6
35.34E-9,274.7E-6
35.40E-9,271.6E-6
35.49E-9,253.3E-6
35.60E-9,215.1E-6
35.76E-9,166.4E-6
35.97E-9,120.3E-6
36.15E-9,61.25E-6
36.37E-9,6.767E-6
36.65E-9,-1.301E-6
36.85E-9,-630.3E-9
37.08E-9,-563.8E-9
37.50E-9,-514.3E-9
37.50E-9,44.16E-6
37.50E-9,130.2E-6
37.50E-9,278.9E-6
37.50E-9,418.2E-6
37.50E-9,588.1E-6
37.51E-9,710.0E-6
37.51E-9,772.3E-6
37.52E-9,777.7E-6
37.53E-9,744.8E-6
37.53E-9,701.2E-6
37.53E-9,618.3E-6
37.54E-9,553.4E-6
37.54E-9,531.2E-6
37.54E-9,579.1E-6
37.54E-9,604.6E-6
37.55E-9,610.1E-6
37.55E-9,614.3E-6
37.55E-9,634.7E-6
37.55E-9,662.6E-6
37.55E-9,658.2E-6
37.55E-9,647.2E-6
37.55E-9,641.6E-6
37.55E-9,630.9E-6
37.55E-9,610.2E-6
37.55E-9,572.2E-6
37.55E-9,506.5E-6
37.55E-9,407.1E-6
37.55E-9,281.4E-6
37.56E-9,186.6E-6
37.56E-9,115.4E-6
37.57E-9,103.7E-6
37.57E-9,174.2E-6
37.57E-9,269.5E-6
37.58E-9,404.6E-6
37.58E-9,498.5E-6
37.59E-9,573.6E-6
37.59E-9,473.6E-6
37.60E-9,-510.7E-6
37.60E-9,-2.899E-3
37.61E-9,-6.593E-3
37.62E-9,-10.94E-3
37.62E-9,-11.78E-3
37.62E-9,-12.51E-3
37.62E-9,-11.51E-3
37.62E-9,-10.86E-3
37.63E-9,-9.541E-3
37.63E-9,-7.863E-3
37.63E-9,-4.966E-3
37.64E-9,-2.930E-3
37.64E-9,-1.435E-3
37.65E-9,-504.0E-6
37.66E-9,71.95E-6
37.67E-9,331.3E-6
37.69E-9,362.2E-6
37.71E-9,303.8E-6
37.73E-9,246.2E-6
37.77E-9,183.6E-6
37.84E-9,126.6E-6
37.93E-9,89.41E-6
38.05E-9,63.89E-6
38.21E-9,45.74E-6
38.43E-9,32.88E-6
38.73E-9,23.37E-6
39.13E-9,16.89E-6
39.57E-9,12.81E-6
40.00E-9,10.53E-6
40.00E-9,-22.96E-6
40.00E-9,-85.59E-6
40.00E-9,-186.1E-6
40.00E-9,-264.3E-6
40.00E-9,-346.8E-6
40.01E-9,-404.4E-6
40.01E-9,-423.0E-6
40.02E-9,-405.8E-6
40.02E-9,-388.6E-6
40.03E-9,-394.4E-6
40.04E-9,-429.1E-6
40.04E-9,-666.7E-6
40.05E-9,-1.246E-3
40.05E-9,-2.086E-3
40.05E-9,-2.082E-3
40.05E-9,-2.074E-3
40.05E-9,-2.061E-3
40.05E-9,-2.058E-3
40.05E-9,-2.052E-3
40.05E-9,-2.046E-3
40.05E-9,-2.046E-3
40.05E-9,-2.049E-3
40.05E-9,-2.056E-3
40.06E-9,-2.066E-3
40.06E-9,-2.055E-3
40.06E-9,-1.990E-3
40.06E-9,-1.829E-3
40.07E-9,-1.455E-3
40.07E-9,-560.7E-6
40.08E-9,62.24E-6
40.08E-9,381.4E-6
40.08E-9,394.3E-6
40.09E-9,304.4E-6
40.09E-9,245.9E-6
40.10E-9,214.2E-6
40.10E-9,215.7E-6
40.10E-9,216.4E-6
40.10E-9,217.5E-6
40.10E-9,218.5E-6
40.10E-9,218.1E-6
40.11E-9,214.5E-6
40.11E-9,206.6E-6
40.12E-9,194.1E-6
40.13E-9,172.0E-6
40.14E-9,163.0E-6
40.15E-9,171.3E-6
40.16E-9,188.5E-6
40.16E-9,203.0E-6
40.18E-9,221.8E-6
40.19E-9,237.9E-6
40.19E-9,238.8E-6
40.20E-9,240.5E-6
40.20E-9,242.3E-6
40.20E-9,254.4E-6
40.20E-9,273.6E-6
40.20E-9,279.1E-6
40.20E-9,285.3E-6
40.21E-9,286.4E-6
40.21E-9,274.4E-6
40.22E-9,259.9E-6
40.23E-9,254.2E-6
40.23E-9,254.6E-6
40.24E-9,257.3E-6
40.26E-9,260.4E-6
40.27E-9,262.1E-6
40.28E-9,263.5E-6
40.30E-9,264.5E-6
40.32E-9,267.0E-6
40.34E-9,274.5E-6
40.36E-9,283.5E-6
40.37E-9,291.7E-6
40.39E-9,298.0E-6
40.40E-9,294.4E-6
40.40E-9,293.9E-6
40.40E-9,293.1E-6
40.40E-9,291.8E-6
40.40E-9,290.1E-6
40.41E-9,287.3E-6
40.42E-9,281.2E-6
40.43E-9,272.7E-6
40.45E-9,265.9E-6
40.48E-9,259.2E-6
40.51E-9,250.2E-6
40.55E-9,234.5E-6
40.62E-9,210.8E-6
40.70E-9,182.1E-6
40.82E-9,153.4E-6
40.97E-9,120.7E-6
41.15E-9,62.46E-6
41.35E-9,9.167E-6
41.42E-9,4.380E-6
41.58E-9,295.1E-9
41.74E-9,5.348E-9
42.05E-9,-597.2E-9
42.50E-9,-141.9E-9
42.50E-9,45.06E-6
42.50E-9,131.1E-6
42.50E-9,261.3E-6
42.50E-9,390.1E-6
42.50E-9,545.7E-6
42.51E-9,664.5E-6
42.51E-9,730.0E-6
42.52E-9,732.4E-6
42.53E-9,701.7E-6
42.53E-9,671.3E-6
42.53E-9,613.2E-6
42.54E-9,569.4E-6
42.54E-9,537.4E-6
42.54E-9,553.0E-6
42.54E-9,611.1E-6
42.54E-9,669.1E-6
42.55E-9,730.5E-6
42.55E-9,760.4E-6
42.55E-9,772.5E-6
42.55E-9,784.9E-6
42.55E-9,779.6E-6
42.55E-9,768.2E-6
42.55E-9,762.5E-6
42.55E-9,751.4E-6
42.55E-9,730.0E-6
42.55E-9,719.7E-6
42.55E-9,699.9E-6
42.55E-9,662.9E-6
42.55E-9,597.8E-6
42.55E-9,493.6E-6
42.56E-9,346.7E-6
42.56E-9,232.3E-6
42.56E-9,142.9E-6
42.56E-9,73.49E-6
42.57E-9,40.35E-6
42.57E-9,77.50E-6
42.58E-9,160.1E-6
42.58E-9,257.5E-6
42.59E-9,350.8E-6
42.59E-9,461.3E-6
42.60E-9,535.8E-6
42.60E-9,119.0E-6
42.61E-9,-1.391E-3
42.62E-9,-4.905E-3
42.62E-9,-8.735E-3
42.62E-9,-10.42E-3
42.63E-9,-11.47E-3
42.63E-9,-10.87E-3
42.63E-9,-9.197E-3
42.63E-9,-8.579E-3
42.64E-9,-7.362E-3
42.64E-9,-5.278E-3
42.64E-9,-3.190E-3
42.65E-9,-1.638E-3
42.66E-9,-611.9E-6
42.66E-9,7.908E-6
42.67E-9,313.5E-6
42.69E-9,382.9E-6
42.71E-9,330.9E-6
42.73E-9,266.1E-6
42.76E-9,203.8E-6
42.82E-9,144.1E-6
42.90E-9,100.7E-6
43.01E-9,71.79E-6
43.16E-9,50.82E-6
43.35E-9,36.77E-6
43.62E-9,25.61E-6
43.98E-9,18.74E-6
44.47E-9,12.76E-6
45.00E-9,10.26E-6
45.00E-9,-16.44E-6
45.00E-9,-65.38E-6
45.00E-9,-132.8E-6
45.00E-9,-191.0E-6
45.00E-9,-256.4E-6
45.01E-9,-311.7E-6
45.01E-9,-343.0E-6
45.02E-9,-352.2E-6
45.03E-9,-366.0E-6
45.03E-9,-393.7E-6
45.04E-9,-467.9E-6
45.04E-9,-771.2E-6
45.05E-9,-1.328E-3
45.05E-9,-2.183E-3
45.05E-9,-2.182E-3
45.05E-9,-2.177E-3
45.05E-9,-2.172E-3
45.05E-9,-2.171E-3
45.05E-9,-2.170E-3
45.05E-9,-2.171E-3
45.05E-9,-2.177E-3
45.05E-9,-2.180E-3
45.06E-9,-2.133E-3
45.06E-9,-2.063E-3
45.06E-9,-1.938E-3
45.07E-9,-1.675E-3
45.07E-9,-1.080E-3
45.08E-9,-631.4E-6
45.08E-9,-352.5E-6
45.09E-9,-244.0E-6
45.09E-9,-181.8E-6
45.10E-9,-121.8E-6
45.10E-9,-50.12E-6
45.10E-9,-47.17E-6
45.10E-9,-44.45E-6
45.10E-9,-38.53E-6
45.10E-9,-35.73E-6
45.10E-9,-29.84E-6
45.10E-9,-17.61E-6
45.10E-9,7.475E-6
45.11E-9,53.47E-6
45.11E-9,116.7E-6
45.12E-9,152.7E-6
45.13E-9,175.6E-6
45.14E-9,193.0E-6
45.15E-9,207.8E-6
45.17E-9,220.1E-6
45.19E-9,227.0E-6
45.20E-9,234.5E-6
45.22E-9,242.2E-6
45.23E-9,250.7E-6
45.26E-9,260.1E-6
45.30E-9,269.3E-6
45.35E-9,274.1E-6
45.42E-9,268.3E-6
45.51E-9,245.6E-6
45.64E-9,203.2E-6
45.80E-9,155.4E-6
46.02E-9,106.0E-6
46.21E-9,42.45E-6
46.42E-9,1.904E-6
46.51E-9,2.221E-6
46.68E-9,-1.238E-6
46.88E-9,1.000E-6
47.19E-9,-1.126E-6
47.50E-9,798.5E-9
47.50E-9,41.34E-6
47.50E-9,118.6E-6
47.50E-9,254.5E-6
47.50E-9,374.6E-6
47.50E-9,521.8E-6
47.51E-9,636.9E-6
47.51E-9,717.3E-6
47.52E-9,738.8E-6
47.53E-9,726.0E-6
47.53E-9,713.5E-6
47.53E-9,685.1E-6
47.54E-9,665.6E-6
47.54E-9,656.9E-6
47.54E-9,670.2E-6
47.54E-9,681.7E-6
47.55E-9,693.6E-6
47.55E-9,699.8E-6
47.55E-9,700.6E-6
47.55E-9,696.3E-6
47.55E-9,691.5E-6
47.55E-9,681.6E-6
47.55E-9,676.6E-6
47.55E-9,666.9E-6
47.55E-9,648.1E-6
47.55E-9,613.1E-6
47.55E-9,551.9E-6
47.55E-9,454.4E-6
47.55E-9,318.6E-6
47.56E-9,209.7E-6
47.56E-9,122.9E-6
47.56E-9,71.46E-6
47.57E-9,105.6E-6
47.57E-9,182.6E-6
47.58E-9,282.1E-6
47.58E-9,373.0E-6
47.58E-9,470.8E-6
47.59E-9,549.9E-6
47.60E-9,323.0E-6
47.60E-9,-889.1E-6
47.61E-9,-3.854E-3
47.61E-9,-7.667E-3
47.61E-9,-9.190E-3
47.62E-9,-11.61E-3
47.62E-9,-12.36E-3
47.62E-9,-10.80E-3
47.63E-9,-10.09E-3
47.63E-9,-8.743E-3
47.63E-9,-6.878E-3
47.64E-9,-4.313E-3
47.64E-9,-2.438E-3
47.65E-9,-1.110E-3
47.65E-9,-289.0E-6
47.66E-9,176.2E-6
47.67E-9,356.8E-6
47.69E-9,350.2E-6
47.71E-9,291.4E-6
47.74E-9,226.4E-6
47.79E-9,167.2E-6
47.86E-9,114.7E-6
47.96E-9,82.12E-6
48.09E-9,57.42E-6
48.26E-9,41.99E-6
48.50E-9,28.89E-6
48.82E-9,21.44E-6
49.26E-9,14.25E-6
49.63E-9,12.37E-6
50.00E-9,9.262E-6
50.00E-9,-14.46E-6
50.00E-9,-56.96E-6
50.00E-9,-118.3E-6
50.00E-9,-166.4E-6
50.00E-9,-221.5E-6
50.01E-9,-268.4E-6
50.01E-9,-306.7E-6
50.02E-9,-328.2E-6
50.02E-9,-345.7E-6
50.03E-9,-392.1E-6
50.04E-9,-486.8E-6
50.04E-9,-887.4E-6
50.05E-9,-1.418E-3
50.05E-9,-2.167E-3
50.05E-9,-2.154E-3
50.05E-9,-2.150E-3
50.05E-9,-2.142E-3
50.05E-9,-2.141E-3
50.05E-9,-2.139E-3
50.05E-9,-2.140E-3
50.05E-9,-2.147E-3
50.05E-9,-2.151E-3
50.05E-9,-2.154E-3
50.06E-9,-2.144E-3
50.06E-9,-2.094E-3
50.06E-9,-1.997E-3
50.06E-9,-1.793E-3
50.07E-9,-1.364E-3
50.07E-9,-506.8E-6
50.08E-9,96.95E-6
50.08E-9,384.1E-6
50.08E-9,372.6E-6
50.09E-9,271.2E-6
50.09E-9,216.7E-6
50.10E-9,196.8E-6
50.10E-9,198.7E-6
50.10E-9,199.5E-6
50.10E-9,200.8E-6
50.10E-9,202.5E-6
50.10E-9,203.8E-6
50.11E-9,204.4E-6
50.11E-9,205.1E-6
50.12E-9,201.0E-6
50.13E-9,191.3E-6
50.14E-9,188.4E-6
50.15E-9,193.9E-6
50.16E-9,202.7E-6
50.17E-9,209.0E-6
50.18E-9,219.4E-6
50.19E-9,228.0E-6
50.20E-9,236.6E-6
50.20E-9,234.0E-6
50.20E-9,228.5E-6
50.20E-9,220.0E-6
50.20E-9,210.7E-6
50.20E-9,208.8E-6
50.20E-9,208.3E-6
50.21E-9,213.6E-6
50.21E-9,229.1E-6
50.22E-9,248.0E-6
50.23E-9,255.5E-6
50.25E-9,260.5E-6
50.26E-9,265.4E-6
50.28E-9,269.8E-6
50.29E-9,273.3E-6
50.31E-9,275.9E-6
50.34E-9,277.7E-6
50.37E-9,277.3E-6
50.42E-9,271.6E-6
50.48E-9,256.6E-6
50.57E-9,228.0E-6
50.68E-9,187.6E-6
50.83E-9,150.5E-6
51.01E-9,110.6E-6
51.19E-9,48.77E-6
51.39E-9,4.164E-6
51.49E-9,3.528E-6
51.68E-9,-1.255E-6
51.87E-9,1.589E-6
52.24E-9,-1.185E-6
52.50E-9,1.322E-6
52.50E-9,47.00E-6
52.50E-9,134.8E-6
52.50E-9,278.8E-6
52.50E-9,418.5E-6
52.50E-9,589.6E-6
52.51E-9,712.3E-6
52.51E-9,774.7E-6
52.52E-9,775.4E-6
52.53E-9,739.9E-6
52.53E-9,691.9E-6
52.53E-9,588.7E-6
52.54E-9,486.7E-6
52.54E-9,346.6E-6
52.54E-9,278.6E-6
52.54E-9,285.1E-6
52.54E-9,355.2E-6
52.55E-9,467.2E-6
52.55E-9,580.5E-6
52.55E-9,636.5E-6
52.55E-9,686.5E-6
52.55E-9,683.6E-6
52.55E-9,677.1E-6
52.55E-9,673.7E-6
52.55E-9,667.2E-6
52.55E-9,654.7E-6
52.55E-9,648.7E-6
52.55E-9,637.0E-6
52.55E-9,615.2E-6
52.55E-9,576.7E-6
52.55E-9,515.5E-6
52.55E-9,430.9E-6
52.56E-9,358.1E-6
52.56E-9,287.7E-6
52.56E-9,220.8E-6
52.57E-9,206.4E-6
52.57E-9,249.9E-6
52.58E-9,316.4E-6
52.58E-9,389.6E-6
52.58E-9,469.0E-6
52.59E-9,550.4E-6
52.60E-9,428.0E-6
52.60E-9,-761.8E-6
52.61E-9,-3.311E-3
52.61E-9,-7.109E-3
52.61E-9,-8.394E-3
52.62E-9,-10.58E-3
52.62E-9,-12.05E-3
52.62E-9,-11.15E-3
52.63E-9,-8.879E-3
52.63E-9,-8.209E-3
52.63E-9,-6.923E-3
52.63E-9,-6.322E-3
52.63E-9,-5.211E-3
52.64E-9,-4.708E-3
52.64E-9,-3.800E-3
52.64E-9,-3.397E-3
52.64E-9,-2.685E-3
52.64E-9,-1.591E-3
52.65E-9,-447.7E-6
52.66E-9,130.1E-6
52.67E-9,348.8E-6
52.69E-9,361.1E-6
52.71E-9,303.9E-6
52.74E-9,239.2E-6
52.78E-9,179.2E-6
52.85E-9,122.7E-6
52.94E-9,87.30E-6
53.06E-9,61.55E-6
53.22E-9,44.51E-6
53.45E-9,31.27E-6
53.75E-9,22.62E-6
54.16E-9,15.67E-6
54.58E-9,12.43E-6
55.00E-9,9.652E-6
55.00E-9,-18.72E-6
55.00E-9,-71.21E-6
55.00E-9,-156.2E-6
55.00E-9,-223.7E-6
55.00E-9,-299.9E-6
55.01E-9,-361.9E-6
55.01E-9,-390.2E-6
55.02E-9,-387.4E-6
55.03E-9,-391.9E-6
55.03E-9,-418.4E-6
55.04E-9,-487.5E-6
55.04E-9,-805.3E-6
55.05E-9,-1.347E-3
55.05E-9,-2.163E-3
55.05E-9,-2.160E-3
55.05E-9,-2.151E-3
55.05E-9,-2.138E-3
55.05E-9,-2.127E-3
55.05E-9,-2.124E-3
55.05E-9,-2.121E-3
55.05E-9,-2.119E-3
55.05E-9,-2.115E-3
55.06E-9,-2.078E-3
55.06E-9,-2.003E-3
55.06E-9,-1.867E-3
55.07E-9,-1.574E-3
55.07E-9,-909.9E-6
55.08E-9,-287.0E-6
55.08E-9,80.32E-6
55.08E-9,142.9E-6
55.09E-9,87.20E-6
55.09E-9,50.94E-6
55.10E-9,42.86E-6
55.10E-9,57.92E-6
55.10E-9,58.35E-6
55.10E-9,59.02E-6
55.10E-9,60.72E-6
55.10E-9,61.74E-6
55.10E-9,64.03E-6
55.10E-9,69.61E-6
55.10E-9,83.09E-6
55.11E-9,112.4E-6
55.11E-9,160.2E-6
55.12E-9,189.3E-6
55.13E-9,206.4E-6
55.14E-9,219.9E-6
55.15E-9,229.2E-6
55.17E-9,234.0E-6
55.19E-9,235.9E-6
55.20E-9,240.3E-6
55.22E-9,246.5E-6
55.23E-9,253.8E-6
55.26E-9,262.2E-6
55.30E-9,270.5E-6
55.35E-9,274.7E-6
55.42E-9,268.1E-6
55.52E-9,244.9E-6
55.64E-9,202.9E-6
55.81E-9,155.4E-6
56.03E-9,103.9E-6
56.22E-9,39.92E-6
56.43E-9,1.344E-6
56.52E-9,1.984E-6
56.69E-9,-1.346E-6
56.90E-9,976.3E-9
57.20E-9,-1.185E-6
57.50E-9,763.3E-9
57.50E-9,42.94E-6
57.50E-9,123.5E-6
57.50E-9,264.8E-6
57.50E-9,392.2E-6
57.50E-9,547.0E-6
57.51E-9,659.9E-6
57.51E-9,735.1E-6
57.52E-9,751.7E-6
57.53E-9,734.7E-6
57.53E-9,716.2E-6
57.53E-9,677.2E-6
57.54E-9,649.4E-6
57.54E-9,638.3E-6
57.54E-9,655.4E-6
57.54E-9,669.9E-6
57.55E-9,680.6E-6
57.55E-9,684.3E-6
57.55E-9,683.4E-6
57.55E-9,679.8E-6
57.55E-9,674.5E-6
57.55E-9,663.5E-6
57.55E-9,657.9E-6
57.55E-9,647.1E-6
57.55E-9,626.3E-6
57.55E-9,587.7E-6
57.55E-9,520.2E-6
57.55E-9,414.4E-6
57.55E-9,276.1E-6
57.56E-9,169.4E-6
57.56E-9,102.7E-6
57.56E-9,115.3E-6
57.57E-9,178.4E-6
57.57E-9,263.6E-6
57.57E-9,349.1E-6
57.58E-9,436.9E-6
57.58E-9,528.8E-6
57.59E-9,532.0E-6
57.60E-9,-287.0E-6
57.60E-9,-2.282E-3
57.61E-9,-5.996E-3
57.61E-9,-10.18E-3
57.61E-9,-11.37E-3
57.61E-9,-11.93E-3
57.61E-9,-12.20E-3
57.61E-9,-12.33E-3
57.61E-9,-12.58E-3
57.62E-9,-12.98E-3
57.62E-9,-13.20E-3
57.62E-9,-11.90E-3
57.62E-9,-9.737E-3
57.63E-9,-7.740E-3
57.63E-9,-5.595E-3
57.63E-9,-3.324E-3
57.64E-9,-1.725E-3
57.65E-9,-644.2E-6
57.65E-9,-12.39E-6
57.67E-9,297.6E-6
57.68E-9,360.1E-6
57.70E-9,312.3E-6
57.73E-9,248.8E-6
57.76E-9,188.2E-6
57.83E-9,128.3E-6
57.92E-9,91.08E-6
58.04E-9,64.34E-6
58.20E-9,46.37E-6
58.41E-9,32.80E-6
58.70E-9,23.50E-6
59.09E-9,16.52E-6
59.63E-9,11.90E-6
60.00E-9,9.761E-6
60.00E-9,-25.92E-6
60.00E-9,-91.24E-6
60.00E-9,-179.7E-6
60.00E-9,-248.2E-6
60.00E-9,-316.4E-6
60.01E-9,-356.6E-6
60.01E-9,-368.3E-6
60.02E-9,-362.6E-6
60.02E-9,-361.4E-6
60.03E-9,-384.4E-6
60.04E-9,-439.3E-6
60.04E-9,-725.6E-6
60.05E-9,-1.355E-3
60.05E-9,-2.159E-3
60.05E-9,-2.156E-3
60.05E-9,-2.147E-3
60.05E-9,-2.135E-3
60.05E-9,-2.123E-3
60.05E-9,-2.121E-3
60.05E-9,-2.119E-3
60.05E-9,-2.119E-3
60.05E-9,-2.123E-3
60.05E-9,-2.127E-3
60.05E-9,-2.132E-3
60.06E-9,-2.108E-3
60.06E-9,-2.032E-3
60.06E-9,-1.849E-3
60.07E-9,-1.442E-3
60.07E-9,-570.1E-6
60.07E-9,314.7E-6
60.08E-9,812.3E-6
60.08E-9,889.3E-6
60.09E-9,676.1E-6
60.09E-9,500.0E-6
60.10E-9,383.1E-6
60.10E-9,326.0E-6
60.10E-9,325.6E-6
60.10E-9,324.8E-6
60.10E-9,322.9E-6
60.10E-9,318.7E-6
60.10E-9,316.5E-6
60.10E-9,311.9E-6
60.10E-9,303.0E-6
60.11E-9,287.8E-6
60.11E-9,281.6E-6
60.11E-9,271.1E-6
60.12E-9,249.7E-6
60.12E-9,224.8E-6
60.13E-9,206.4E-6
60.14E-9,199.9E-6
60.14E-9,201.2E-6
60.15E-9,205.9E-6
60.16E-9,212.1E-6
60.17E-9,218.7E-6
60.18E-9,226.4E-6
60.19E-9,235.9E-6
60.20E-9,243.1E-6
60.20E-9,246.4E-6
60.20E-9,253.0E-6
60.20E-9,262.9E-6
60.20E-9,273.6E-6
60.21E-9,278.4E-6
60.21E-9,274.9E-6
60.21E-9,268.4E-6
60.22E-9,260.3E-6
60.23E-9,257.6E-6
60.24E-9,260.3E-6
60.25E-9,263.7E-6
60.26E-9,268.6E-6
60.27E-9,273.4E-6
60.28E-9,276.7E-6
60.29E-9,279.4E-6
60.31E-9,278.7E-6
60.33E-9,270.8E-6
60.35E-9,257.6E-6
60.37E-9,257.6E-6
60.39E-9,265.1E-6
60.39E-9,268.7E-6
60.40E-9,272.0E-6
60.40E-9,272.3E-6
60.40E-9,272.7E-6
60.40E-9,273.5E-6
60.40E-9,273.9E-6
60.40E-9,274.4E-6
60.40E-9,275.2E-6
60.40E-9,275.5E-6
60.41E-9,275.9E-6
60.41E-9,276.7E-6
60.41E-9,278.0E-6
60.42E-9,279.4E-6
60.44E-9,277.9E-6
60.45E-9,273.1E-6
60.47E-9,266.7E-6
60.49E-9,258.3E-6
60.52E-9,248.0E-6
60.55E-9,234.1E-6
60.60E-9,215.1E-6
60.68E-9,190.9E-6
60.77E-9,164.6E-6
60.90E-9,137.2E-6
61.06E-9,92.59E-6
61.27E-9,23.85E-6
61.49E-9,-582.3E-9
61.73E-9,891.9E-9
61.92E-9,-1.361E-6
62.22E-9,696.1E-9
62.50E-9,-1.179E-6
62.50E-9,45.10E-6
62.50E-9,134.0E-6
62.50E-9,277.7E-6
62.50E-9,417.6E-6
62.50E-9,588.1E-6
62.51E-9,714.7E-6
62.51E-9,770.8E-6
62.52E-9,759.1E-6
62.53E-9,716.4E-6
62.53E-9,667.5E-6
62.53E-9,591.2E-6
62.54E-9,541.9E-6
62.54E-9,535.3E-6
62.54E-9,553.3E-6
62.54E-9,596.4E-6
62.54E-9,640.2E-6
62.55E-9,675.8E-6
62.55E-9,694.9E-6
62.55E-9,703.0E-6
62.55E-9,710.7E-6
62.55E-9,705.8E-6
62.55E-9,695.2E-6
62.55E-9,689.8E-6
62.55E-9,679.3E-6
62.55E-9,659.0E-6
62.55E-9,649.2E-6
62.55E-9,630.4E-6
62.55E-9,595.1E-6
62.55E-9,533.2E-6
62.55E-9,435.4E-6
62.55E-9,303.8E-6
62.56E-9,209.4E-6
62.56E-9,136.6E-6
62.56E-9,77.50E-6
62.57E-9,39.34E-6
62.57E-9,92.62E-6
62.58E-9,198.5E-6
62.58E-9,316.9E-6
62.59E-9,436.4E-6
62.59E-9,533.5E-6
62.60E-9,516.6E-6
62.61E-9,-403.9E-6
62.61E-9,-2.536E-3
62.62E-9,-6.265E-3
62.62E-9,-10.40E-3
62.62E-9,-11.45E-3
62.62E-9,-11.93E-3
62.63E-9,-12.65E-3
62.63E-9,-12.60E-3
62.63E-9,-10.91E-3
62.63E-9,-8.723E-3
62.64E-9,-6.764E-3
62.64E-9,-4.622E-3
62.65E-9,-2.647E-3
62.65E-9,-1.254E-3
62.66E-9,-365.8E-6
62.67E-9,135.6E-6
62.68E-9,342.6E-6
62.70E-9,355.1E-6
62.72E-9,291.7E-6
62.75E-9,229.7E-6
62.79E-9,169.2E-6
62.87E-9,117.0E-6
62.96E-9,82.70E-6
63.09E-9,58.84E-6
63.26E-9,42.09E-6
63.49E-9,29.97E-6
63.80E-9,21.29E-6
64.23E-9,15.14E-6
64.62E-9,11.99E-6
65.00E-9,9.906E-6
65.00E-9,-22.15E-6
65.00E-9,-81.02E-6
65.00E-9,-163.9E-6
65.00E-9,-231.5E-6
65.00E-9,-306.0E-6
65.01E-9,-366.3E-6
65.01E-9,-392.6E-6
65.02E-9,-389.2E-6
65.03E-9,-388.4E-6
65.03E-9,-407.9E-6
65.04E-9,-451.5E-6
65.04E-9,-691.3E-6
65.05E-9,-1.237E-3
65.05E-9,-2.132E-3
65.05E-9,-2.126E-3
65.05E-9,-2.113E-3
65.05E-9,-2.097E-3
65.05E-9,-2.094E-3
65.05E-9,-2.089E-3
65.05E-9,-2.087E-3
65.05E-9,-2.094E-3
65.05E-9,-2.097E-3
65.05E-9,-2.101E-3
65.06E-9,-2.090E-3
65.06E-9,-1.998E-3
65.06E-9,-1.796E-3
65.07E-9,-1.365E-3
65.07E-9,-503.0E-6
65.08E-9,305.6E-6
65.08E-9,679.3E-6
65.08E-9,629.5E-6
65.09E-9,463.7E-6
65.09E-9,329.2E-6
65.10E-9,256.5E-6
65.10E-9,220.5E-6
65.10E-9,219.7E-6
65.10E-9,217.9E-6
65.10E-9,214.8E-6
65.10E-9,211.0E-6
65.10E-9,209.8E-6
65.10E-9,208.5E-6
65.10E-9,208.2E-6
65.11E-9,212.0E-6
65.11E-9,221.9E-6
65.12E-9,226.8E-6
65.13E-9,227.2E-6
65.14E-9,231.3E-6
65.15E-9,236.7E-6
65.16E-9,241.6E-6
65.18E-9,242.8E-6
65.20E-9,245.0E-6
65.21E-9,249.9E-6
65.23E-9,255.8E-6
65.25E-9,263.0E-6
65.29E-9,270.3E-6
65.34E-9,274.6E-6
65.40E-9,270.1E-6
65.49E-9,251.3E-6
65.60E-9,214.2E-6
65.75E-9,167.5E-6
65.96E-9,121.8E-6
66.15E-9,64.02E-6
66.36E-9,7.762E-6
66.63E-9,-732.6E-9
66.83E-9,-850.1E-9
67.05E-9,-141.1E-9
67.27E-9,-650.4E-9
67.50E-9,-206.7E-9
67.50E-9,43.09E-6
67.50E-9,125.7E-6
67.50E-9,264.2E-6
67.50E-9,391.9E-6
67.50E-9,546.2E-6
67.51E-9,664.0E-6
67.51E-9,733.4E-6
67.52E-9,748.5E-6
67.53E-9,730.1E-6
67.53E-9,709.4E-6
67.53E-9,672.6E-6
67.54E-9,647.6E-6
67.54E-9,636.5E-6
67.54E-9,647.2E-6
67.54E-9,651.9E-6
67.55E-9,651.5E-6
67.55E-9,650.5E-6
67.55E-9,655.0E-6
67.55E-9,665.9E-6
67.55E-9,661.4E-6
67.55E-9,651.8E-6
67.55E-9,647.0E-6
67.55E-9,637.6E-6
67.55E-9,619.5E-6
67.55E-9,610.8E-6
67.55E-9,594.0E-6
67.55E-9,562.8E-6
67.55E-9,508.0E-6
67.55E-9,421.4E-6
67.55E-9,301.2E-6
67.56E-9,209.8E-6
67.56E-9,132.7E-6
67.56E-9,75.84E-6
67.57E-9,86.46E-6
67.57E-9,175.6E-6
67.58E-9,280.9E-6
67.58E-9,411.6E-6
67.59E-9,503.7E-6
67.59E-9,560.6E-6
67.60E-9,257.0E-6
67.60E-9,-992.5E-6
67.61E-9,-4.233E-3
67.61E-9,-8.117E-3
67.62E-9,-9.933E-3
67.62E-9,-12.81E-3
67.62E-9,-13.14E-3
67.63E-9,-10.79E-3
67.63E-9,-9.977E-3
67.63E-9,-8.453E-3
67.63E-9,-6.222E-3
67.64E-9,-3.771E-3
67.64E-9,-2.006E-3
67.65E-9,-826.9E-6
67.66E-9,-116.9E-6
67.67E-9,251.5E-6
67.68E-9,358.2E-6
67.70E-9,318.6E-6
67.73E-9,257.7E-6
67.76E-9,195.6E-6
67.83E-9,135.9E-6
67.91E-9,95.01E-6
68.03E-9,68.10E-6
68.17E-9,47.90E-6
68.38E-9,34.98E-6
68.65E-9,23.96E-6
69.03E-9,17.90E-6
69.54E-9,11.78E-6
70.00E-9,10.28E-6
70.00E-9,-18.95E-6
70.00E-9,-69.75E-6
70.00E-9,-141.1E-6
70.00E-9,-193.6E-6
70.00E-9,-249.6E-6
70.01E-9,-292.8E-6
70.01E-9,-325.0E-6
70.02E-9,-342.4E-6
70.02E-9,-361.4E-6
70.03E-9,-405.2E-6
70.04E-9,-495.1E-6
70.04E-9,-867.3E-6
70.05E-9,-1.400E-3
70.05E-9,-2.165E-3
70.05E-9,-2.160E-3
70.05E-9,-2.149E-3
70.05E-9,-2.133E-3
70.05E-9,-2.121E-3
70.05E-9,-2.116E-3
70.05E-9,-2.113E-3
70.05E-9,-2.117E-3
70.05E-9,-2.121E-3
70.05E-9,-2.130E-3
70.06E-9,-2.138E-3
70.06E-9,-2.095E-3
70.06E-9,-1.928E-3
70.06E-9,-1.577E-3
70.07E-9,-927.9E-6
70.07E-9,304.0E-6
70.08E-9,1.021E-3
70.08E-9,1.240E-3
70.08E-9,1.028E-3
70.09E-9,720.4E-6
70.09E-9,543.6E-6
70.10E-9,399.1E-6
70.10E-9,393.3E-6
70.10E-9,391.7E-6
70.10E-9,388.1E-6
70.10E-9,380.2E-6
70.10E-9,364.1E-6
70.11E-9,335.5E-6
70.11E-9,297.4E-6
70.12E-9,266.2E-6
70.13E-9,226.8E-6
70.14E-9,196.9E-6
70.15E-9,190.0E-6
70.16E-9,189.1E-6
70.17E-9,195.1E-6
70.18E-9,206.0E-6
70.19E-9,216.9E-6
70.20E-9,231.2E-6
70.20E-9,228.6E-6
70.20E-9,223.4E-6
70.20E-9,214.6E-6
70.20E-9,203.7E-6
70.20E-9,201.0E-6
70.20E-9,199.1E-6
70.21E-9,203.5E-6
70.21E-9,224.4E-6
70.22E-9,257.3E-6
70.23E-9,269.2E-6
70.25E-9,269.6E-6
70.26E-9,270.0E-6
70.28E-9,271.7E-6
70.29E-9,273.6E-6
70.31E-9,275.0E-6
70.34E-9,275.4E-6
70.37E-9,273.2E-6
70.43E-9,265.6E-6
70.49E-9,249.5E-6
70.58E-9,221.4E-6
70.69E-9,183.7E-6
70.84E-9,148.6E-6
71.02E-9,106.3E-6
71.21E-9,42.55E-6
71.42E-9,2.528E-6
71.51E-9,2.155E-6
71.70E-9,-777.7E-9
71.90E-9,666.9E-9
72.20E-9,-827.6E-9
72.50E-9,501.1E-9
72.50E-9,48.61E-6
72.50E-9,142.6E-6
72.50E-9,301.1E-6
72.50E-9,461.7E-6
72.50E-9,669.2E-6
72.51E-9,834.8E-6
72.51E-9,933.1E-6
72.52E-9,1.021E-3
72.53E-9,1.045E-3
72.53E-9,1.016E-3
72.53E-9,873.2E-6
72.54E-9,695.9E-6
72.54E-9,415.3E-6
72.54E-9,212.1E-6
72.54E-9,-78.48E-6
72.54E-9,-437.3E-6
72.55E-9,-1.009E-3
72.55E-9,-1.789E-3
72.55E-9,-2.297E-3
72.55E-9,-2.877E-3
72.55E-9,-2.901E-3
72.55E-9,-2.949E-3
72.55E-9,-2.974E-3
72.55E-9,-3.023E-3
72.55E-9,-3.121E-3
72.55E-9,-3.170E-3
72.55E-9,-3.269E-3
72.55E-9,-3.468E-3
72.55E-9,-3.873E-3
72.55E-9,-4.704E-3
72.55E-9,-6.447E-3
72.56E-9,-8.904E-3
72.56E-9,-12.03E-3
72.56E-9,-15.34E-3
72.57E-9,-10.52E-3
72.57E-9,22.51E-3
72.58E-9,72.51E-3
72.58E-9,144.6E-3
72.58E-9,230.6E-3
72.59E-9,338.4E-3
72.60E-9,478.1E-3
72.60E-9,622.0E-3
72.61E-9,713.6E-3
72.61E-9,792.9E-3
72.62E-9,856.4E-3
72.62E-9,868.6E-3
72.62E-9,874.3E-3
72.62E-9,885.0E-3
72.62E-9,900.0E-3
72.63E-9,919.8E-3
72.63E-9,932.8E-3
72.63E-9,945.3E-3
72.64E-9,960.4E-3
72.64E-9,973.1E-3
72.65E-9,983.5E-3
72.66E-9,991.3E-3
72.67E-9,997.0E-3
72.68E-9,1.000
72.70E-9,1.001
72.72E-9,1.001
72.75E-9,1.001
72.81E-9,1.000
72.89E-9,1.000
72.99E-9,1.000
73.13E-9,1.000
73.32E-9,1.000
73.57E-9,1.000
73.92E-9,1.000
74.39E-9,1.000
75.00E-9,1.000
75.00E-9,1.000
75.00E-9,999.9E-3
75.00E-9,999.8E-3
75.00E-9,999.6E-3
75.00E-9,999.4E-3
75.01E-9,999.3E-3
75.01E-9,999.1E-3
75.02E-9,999.0E-3
75.03E-9,999.0E-3
75.03E-9,999.4E-3
75.04E-9,1.001
75.04E-9,1.003
75.05E-9,1.005
75.05E-9,1.007
75.05E-9,1.007
75.05E-9,1.007
75.05E-9,1.007
75.05E-9,1.007
75.05E-9,1.008
75.05E-9,1.008
75.05E-9,1.009
75.05E-9,1.009
75.05E-9,1.010
75.06E-9,1.009
75.06E-9,989.2E-3
75.06E-9,949.6E-3
75.07E-9,883.6E-3
75.07E-9,784.6E-3
75.07E-9,663.0E-3
75.08E-9,547.8E-3
75.08E-9,404.4E-3
75.09E-9,249.2E-3
75.09E-9,163.8E-3
75.10E-9,114.2E-3
75.10E-9,78.43E-3
75.10E-9,77.53E-3
75.10E-9,75.75E-3
75.10E-9,72.30E-3
75.10E-9,66.32E-3
75.10E-9,63.89E-3
75.10E-9,59.27E-3
75.10E-9,50.97E-3
75.11E-9,37.52E-3
75.11E-9,19.90E-3
75.12E-9,8.571E-3
75.13E-9,3.233E-3
75.14E-9,1.124E-3
75.15E-9,418.9E-6
75.16E-9,260.8E-6
75.18E-9,247.9E-6
75.20E-9,243.2E-6
75.21E-9,246.8E-6
75.23E-9,253.6E-6
75.25E-9,260.7E-6
75.29E-9,268.9E-6
75.34E-9,274.7E-6
75.40E-9,271.6E-6
75.49E-9,253.3E-6
75.60E-9,215.1E-6
75.76E-9,166.4E-6
75.97E-9,120.3E-6
76.15E-9,61.25E-6
76.37E-9,6.767E-6
76.65E-9,-1.301E-6
76.85E-9,-630.3E-9
77.08E-9,-563.8E-9
77.50E-9,-514.3E-9
77.50E-9,44.16E-6
77.50E-9,130.2E-6
77.50E-9,278.9E-6
77.50E-9,418.2E-6
77.50E-9,588.1E-6
77.51E-9,710.0E-6
77.51E-9,772.3E-6
77.52E-9,777.7E-6
77.53E-9,744.8E-6
77.53E-9,701.2E-6
77.53E-9,618.3E-6
77.54E-9,553.4E-6
77.54E-9,531.2E-6
77.54E-9,579.1E-6
77.54E-9,604.6E-6
77.55E-9,610.1E-6
77.55E-9,614.3E-6
77.55E-9,634.7E-6
77.55E-9,662.6E-6
77.55E-9,658.2E-6
77.55E-9,647.2E-6
77.55E-9,641.6E-6
77.55E-9,630.9E-6
77.55E-9,610.2E-6
77.55E-9,572.2E-6
77.55E-9,506.5E-6
77.55E-9,407.1E-6
77.55E-9,281.4E-6
77.56E-9,186.6E-6
77.56E-9,115.4E-6
77.57E-9,103.7E-6
77.57E-9,174.2E-6
77.57E-9,269.5E-6
77.58E-9,404.6E-6
77.58E-9,498.5E-6
77.59E-9,573.6E-6
77.59E-9,473.6E-6
77.60E-9,-510.7E-6
77.60E-9,-2.899E-3
77.61E-9,-6.593E-3
77.62E-9,-10.94E-3
77.62E-9,-11.78E-3
77.62E-9,-12.51E-3
77.62E-9,-11.51E-3
77.62E-9,-10.86E-3
77.63E-9,-9.541E-3
77.63E-9,-7.863E-3
77.63E-9,-4.966E-3
77.64E-9,-2.930E-3
77.64E-9,-1.435E-3
77.65E-9,-504.0E-6
77.66E-9,71.95E-6
77.67E-9,331.3E-6
77.69E-9,362.2E-6
77.71E-9,303.8E-6
77.73E-9,246.2E-6
77.77E-9,183.6E-6
77.84E-9,126.6E-6
77.93E-9,89.41E-6
78.05E-9,63.89E-6
78.21E-9,45.74E-6
78.43E-9,32.88E-6
78.73E-9,23.37E-6
79.13E-9,16.89E-6
79.57E-9,12.81E-6
80.00E-9,10.53E-6
80.00E-9,-22.96E-6
80.00E-9,-85.59E-6
80.00E-9,-186.1E-6
80.00E-9,-264.3E-6
80.00E-9,-346.8E-6
80.01E-9,-404.4E-6
80.01E-9,-423.0E-6
80.02E-9,-405.8E-6
80.02E-9,-388.6E-6
80.03E-9,-394.4E-6
80.04E-9,-429.1E-6
80.04E-9,-666.7E-6
80.05E-9,-1.246E-3
80.05E-9,-2.086E-3
80.05E-9,-2.082E-3
80.05E-9,-2.074E-3
80.05E-9,-2.061E-3
80.05E-9,-2.058E-3
80.05E-9,-2.052E-3
80.05E-9,-2.046E-3
80.05E-9,-2.046E-3
80.05E-9,-2.049E-3
80.05E-9,-2.056E-3
80.06E-9,-2.066E-3
80.06E-9,-2.055E-3
80.06E-9,-1.990E-3
80.06E-9,-1.829E-3
80.07E-9,-1.455E-3
80.07E-9,-560.7E-6
80.08E-9,62.24E-6
80.08E-9,381.4E-6
80.08E-9,394.3E-6
80.09E-9,304.4E-6
80.09E-9,245.9E-6
80.10E-9,214.2E-6
80.10E-9,215.7E-6
80.10E-9,216.4E-6
80.10E-9,217.5E-6
80.10E-9,218.5E-6
80.10E-9,218.1E-6
80.11E-9,214.5E-6
80.11E-9,206.6E-6
80.12E-9,194.1E-6
80.13E-9,172.0E-6
80.14E-9,163.0E-6
80.15E-9,171.3E-6
80.16E-9,188.5E-6
80.16E-9,203.0E-6
80.18E-9,221.8E-6
80.19E-9,237.9E-6
80.19E-9,238.8E-6
80.20E-9,240.5E-6
80.20E-9,242.3E-6
80.20E-9,254.4E-6
80.20E-9,273.6E-6
80.20E-9,279.1E-6
80.20E-9,285.3E-6
80.21E-9,286.4E-6
80.21E-9,274.4E-6
80.22E-9,259.9E-6
80.23E-9,254.2E-6
80.23E-9,254.6E-6
80.24E-9,257.3E-6
80.26E-9,260.4E-6
80.27E-9,262.1E-6
80.28E-9,263.5E-6
80.30E-9,264.5E-6
80.32E-9,267.0E-6
80.34E-9,274.5E-6
80.36E-9,283.5E-6
80.37E-9,291.7E-6
80.39E-9,298.0E-6
80.40E-9,294.4E-6
80.40E-9,293.9E-6
80.40E-9,293.1E-6
80.40E-9,291.8E-6
80.40E-9,290.1E-6
80.41E-9,287.3E-6
80.42E-9,281.2E-6
80.43E-9,272.7E-6
80.45E-9,265.9E-6
80.48E-9,259.2E-6
80.51E-9,250.2E-6
80.55E-9,234.5E-6
80.62E-9,210.8E-6
80.70E-9,182.1E-6
80.82E-9,153.4E-6
80.97E-9,120.7E-6
81.15E-9,62.46E-6
81.35E-9,9.167E-6
81.42E-9,4.380E-6
81.58E-9,295.1E-9
81.74E-9,5.348E-9
82.05E-9,-597.2E-9
82.50E-9,-141.9E-9
82.50E-9,45.06E-6
82.50E-9,131.1E-6
82.50E-9,261.3E-6
82.50E-9,390.1E-6
82.50E-9,545.7E-6
82.51E-9,664.5E-6
82.51E-9,730.0E-6
82.52E-9,732.4E-6
82.53E-9,701.7E-6
82.53E-9,671.3E-6
82.53E-9,613.2E-6
82.54E-9,569.4E-6
82.54E-9,537.4E-6
82.54E-9,553.0E-6
82.54E-9,611.1E-6
82.54E-9,669.1E-6
82.55E-9,730.5E-6
82.55E-9,760.4E-6
82.55E-9,772.5E-6
82.55E-9,784.9E-6
82.55E-9,779.6E-6
82.55E-9,768.2E-6
82.55E-9,762.5E-6
82.55E-9,751.4E-6
82.55E-9,730.0E-6
82.55E-9,719.7E-6
82.55E-9,699.9E-6
82.55E-9,662.9E-6
82.55E-9,597.8E-6
82.55E-9,493.6E-6
82.56E-9,346.7E-6
82.56E-9,232.3E-6
82.56E-9,142.9E-6
82.56E-9,73.49E-6
82.57E-9,40.35E-6
82.57E-9,77.50E-6
82.58E-9,160.1E-6
82.58E-9,257.5E-6
82.59E-9,350.8E-6
82.59E-9,461.3E-6
82.60E-9,535.8E-6
82.60E-9,119.0E-6
82.61E-9,-1.391E-3
82.62E-9,-4.905E-3
82.62E-9,-8.735E-3
82.62E-9,-10.42E-3
82.63E-9,-11.47E-3
82.63E-9,-10.87E-3
82.63E-9,-9.197E-3
82.63E-9,-8.579E-3
82.64E-9,-7.362E-3
82.64E-9,-5.278E-3
82.64E-9,-3.190E-3
82.65E-9,-1.638E-3
82.66E-9,-611.9E-6
82.66E-9,7.908E-6
82.67E-9,313.5E-6
82.69E-9,382.9E-6
82.71E-9,330.9E-6
82.73E-9,266.1E-6
82.76E-9,203.8E-6
82.82E-9,144.1E-6
82.90E-9,100.7E-6
83.01E-9,71.79E-6
83.16E-9,50.82E-6
83.35E-9,36.77E-6
83.62E-9,25.61E-6
83.98E-9,18.74E-6
84.47E-9,12.76E-6
85.00E-9,10.26E-6
85.00E-9,-16.44E-6
85.00E-9,-65.38E-6
85.00E-9,-132.8E-6
85.00E-9,-191.0E-6
85.00E-9,-256.4E-6
85.01E-9,-311.7E-6
85.01E-9,-343.0E-6
85.02E-9,-352.2E-6
85.03E-9,-366.0E-6
85.03E-9,-393.7E-6
85.04E-9,-467.9E-6
85.04E-9,-771.2E-6
85.05E-9,-1.328E-3
85.05E-9,-2.183E-3
85.05E-9,-2.182E-3
85.05E-9,-2.177E-3
85.05E-9,-2.172E-3
85.05E-9,-2.171E-3
85.05E-9,-2.170E-3
85.05E-9,-2.171E-3
85.05E-9,-2.177E-3
85.05E-9,-2.180E-3
85.06E-9,-2.133E-3
85.06E-9,-2.063E-3
85.06E-9,-1.938E-3
85.07E-9,-1.675E-3
85.07E-9,-1.080E-3
85.08E-9,-631.4E-6
85.08E-9,-352.5E-6
85.09E-9,-244.0E-6
85.09E-9,-181.8E-6
85.10E-9,-121.8E-6
85.10E-9,-50.12E-6
85.10E-9,-47.17E-6
85.10E-9,-44.45E-6
85.10E-9,-38.53E-6
85.10E-9,-35.73E-6
85.10E-9,-29.84E-6
85.10E-9,-17.61E-6
85.10E-9,7.475E-6
85.11E-9,53.47E-6
85.11E-9,116.7E-6
85.12E-9,152.7E-6
85.13E-9,175.6E-6
85.14E-9,193.0E-6
85.15E-9,207.8E-6
85.17E-9,220.1E-6
85.19E-9,227.0E-6
85.20E-9,234.5E-6
85.22E-9,242.2E-6
85.23E-9,250.7E-6
85.26E-9,260.1E-6
85.30E-9,269.3E-6
85.35E-9,274.1E-6
85.42E-9,268.3E-6
85.51E-9,245.6E-6
85.64E-9,203.2E-6
85.80E-9,155.4E-6
86.02E-9,106.0E-6
86.21E-9,42.45E-6
86.42E-9,1.904E-6
86.51E-9,2.221E-6
86.68E-9,-1.238E-6
86.88E-9,1.000E-6
87.19E-9,-1.126E-6
87.50E-9,798.5E-9
87.50E-9,41.34E-6
87.50E-9,118.6E-6
87.50E-9,254.5E-6
87.50E-9,374.6E-6
87.50E-9,521.8E-6
87.51E-9,636.9E-6
87.51E-9,717.3E-6
87.52E-9,738.8E-6
87.53E-9,726.0E-6
87.53E-9,713.5E-6
87.53E-9,685.1E-6
87.54E-9,665.6E-6
87.54E-9,656.9E-6
87.54E-9,670.2E-6
87.54E-9,681.7E-6
87.55E-9,693.6E-6
87.55E-9,699.8E-6
87.55E-9,700.6E-6
87.55E-9,696.3E-6
87.55E-9,691.5E-6
87.55E-9,681.6E-6
87.55E-9,676.6E-6
87.55E-9,666.9E-6
87.55E-9,648.1E-6
87.55E-9,613.1E-6
87.55E-9,551.9E-6
87.55E-9,454.4E-6
87.55E-9,318.6E-6
87.56E-9,209.7E-6
87.56E-9,122.9E-6
87.56E-9,71.46E-6
87.57E-9,105.6E-6
87.57E-9,182.6E-6
87.58E-9,282.1E-6
87.58E-9,373.0E-6
87.58E-9,470.8E-6
87.59E-9,549.9E-6
87.60E-9,323.0E-6
87.60E-9,-889.1E-6
87.61E-9,-3.854E-3
87.61E-9,-7.667E-3
87.61E-9,-9.190E-3
87.62E-9,-11.61E-3
87.62E-9,-12.36E-3
87.62E-9,-10.80E-3
87.63E-9,-10.09E-3
87.63E-9,-8.743E-3
87.63E-9,-6.878E-3
87.64E-9,-4.313E-3
87.64E-9,-2.438E-3
87.65E-9,-1.110E-3
87.65E-9,-289.0E-6
87.66E-9,176.2E-6
87.67E-9,356.8E-6
87.69E-9,350.2E-6
87.71E-9,291.4E-6
87.74E-9,226.4E-6
87.79E-9,167.2E-6
87.86E-9,114.7E-6
87.96E-9,82.12E-6
88.09E-9,57.42E-6
88.26E-9,41.99E-6
88.50E-9,28.89E-6
88.82E-9,21.44E-6
89.26E-9,14.25E-6
89.63E-9,12.37E-6
90.00E-9,9.262E-6
90.00E-9,-14.46E-6
90.00E-9,-56.96E-6
90.00E-9,-118.3E-6
90.00E-9,-166.4E-6
90.00E-9,-221.5E-6
90.01E-9,-268.4E-6
90.01E-9,-306.7E-6
90.02E-9,-328.2E-6
90.02E-9,-345.7E-6
90.03E-9,-392.1E-6
90.04E-9,-486.8E-6
90.04E-9,-887.4E-6
90.05E-9,-1.418E-3
90.05E-9,-2.167E-3
90.05E-9,-2.154E-3
90.05E-9,-2.150E-3
90.05E-9,-2.142E-3
90.05E-9,-2.141E-3
90.05E-9,-2.139E-3
90.05E-9,-2.140E-3
90.05E-9,-2.147E-3
90.05E-9,-2.151E-3
90.05E-9,-2.154E-3
90.06E-9,-2.144E-3
90.06E-9,-2.094E-3
90.06E-9,-1.997E-3
90.06E-9,-1.793E-3
90.07E-9,-1.364E-3
90.07E-9,-506.8E-6
90.08E-9,96.95E-6
90.08E-9,384.1E-6
90.08E-9,372.6E-6
90.09E-9,271.2E-6
90.09E-9,216.7E-6
90.10E-9,196.8E-6
90.10E-9,198.7E-6
90.10E-9,199.5E-6
90.10E-9,200.8E-6
90.10E-9,202.5E-6
90.10E-9,203.8E-6
90.11E-9,204.4E-6
90.11E-9,205.1E-6
90.12E-9,201.0E-6
90.13E-9,191.3E-6
90.14E-9,188.4E-6
90.15E-9,193.9E-6
90.16E-9,202.7E-6
90.17E-9,209.0E-6
90.18E-9,219.4E-6
90.19E-9,228.0E-6
90.20E-9,236.6E-6
90.20E-9,234.0E-6
90.20E-9,228.5E-6
90.20E-9,220.0E-6
90.20E-9,210.7E-6
90.20E-9,208.8E-6
90.20E-9,208.3E-6
90.21E-9,213.6E-6
90.21E-9,229.1E-6
90.22E-9,248.0E-6
90.23E-9,255.5E-6
90.25E-9,260.5E-6
90.26E-9,265.4E-6
90.28E-9,269.8E-6
90.29E-9,273.3E-6
90.31E-9,275.9E-6
90.34E-9,277.7E-6
90.37E-9,277.3E-6
90.42E-9,271.6E-6
90.48E-9,256.6E-6
90.57E-9,228.0E-6
90.68E-9,187.6E-6
90.83E-9,150.5E-6
91.01E-9,110.6E-6
91.19E-9,48.77E-6
91.39E-9,4.164E-6
91.49E-9,3.528E-6
91.68E-9,-1.255E-6
91.87E-9,1.589E-6
92.24E-9,-1.185E-6
92.50E-9,1.322E-6
92.50E-9,47.00E-6
92.50E-9,134.8E-6
92.50E-9,278.8E-6
92.50E-9,418.5E-6
92.50E-9,589.6E-6
92.51E-9,712.3E-6
92.51E-9,774.7E-6
92.52E-9,775.4E-6
92.53E-9,739.9E-6
92.53E-9,691.9E-6
92.53E-9,588.7E-6
92.54E-9,486.7E-6
92.54E-9,346.6E-6
92.54E-9,278.6E-6
92.54E-9,285.1E-6
92.54E-9,355.2E-6
92.55E-9,467.2E-6
92.55E-9,580.5E-6
92.55E-9,636.5E-6
92.55E-9,686.5E-6
92.55E-9,683.6E-6
92.55E-9,677.1E-6
92.55E-9,673.7E-6
92.55E-9,667.2E-6
92.55E-9,654.7E-6
92.55E-9,648.7E-6
92.55E-9,637.0E-6
92.55E-9,615.2E-6
92.55E-9,576.7E-6
92.55E-9,515.5E-6
92.55E-9,430.9E-6
92.56E-9,358.1E-6
92.56E-9,287.7E-6
92.56E-9,220.8E-6
92.57E-9,206.4E-6
92.57E-9,249.9E-6
92.58E-9,316.4E-6
92.58E-9,389.6E-6
92.58E-9,469.0E-6
92.59E-9,550.4E-6
92.60E-9,428.0E-6
92.60E-9,-761.8E-6
92.61E-9,-3.311E-3
92.61E-9,-7.109E-3
92.61E-9,-8.394E-3
92.62E-9,-10.58E-3
92.62E-9,-12.05E-3
92.62E-9,-11.15E-3
92.63E-9,-8.879E-3
92.63E-9,-8.209E-3
92.63E-9,-6.923E-3
92.63E-9,-6.322E-3
92.63E-9,-5.211E-3
92.64E-9,-4.708E-3
92.64E-9,-3.800E-3
92.64E-9,-3.397E-3
92.64E-9,-2.685E-3
92.64E-9,-1.591E-3
92.65E-9,-447.7E-6
92.66E-9,130.1E-6
92.67E-9,348.8E-6
92.69E-9,361.1E-6
92.71E-9,303.9E-6
92.74E-9,239.2E-6
92.78E-9,179.2E-6
92.85E-9,122.7E-6
92.94E-9,87.30E-6
93.06E-9,61.55E-6
93.22E-9,44.51E-6
93.45E-9,31.27E-6
93.75E-9,22.62E-6
94.16E-9,15.67E-6
94.58E-9,12.43E-6
95.00E-9,9.652E-6
95.00E-9,-18.72E-6
95.00E-9,-71.21E-6
95.00E-9,-156.2E-6
95.00E-9,-223.7E-6
95.00E-9,-299.9E-6
95.01E-9,-361.9E-6
95.01E-9,-390.2E-6
95.02E-9,-387.4E-6
95.03E-9,-391.9E-6
95.03E-9,-418.4E-6
95.04E-9,-487.5E-6
95.04E-9,-805.3E-6
95.05E-9,-1.347E-3
95.05E-9,-2.163E-3
95.05E-9,-2.160E-3
95.05E-9,-2.151E-3
95.05E-9,-2.138E-3
95.05E-9,-2.127E-3
95.05E-9,-2.124E-3
95.05E-9,-2.121E-3
95.05E-9,-2.119E-3
95.05E-9,-2.115E-3
95.06E-9,-2.078E-3
95.06E-9,-2.003E-3
95.06E-9,-1.867E-3
95.07E-9,-1.574E-3
95.07E-9,-909.9E-6
95.08E-9,-287.0E-6
95.08E-9,80.32E-6
95.08E-9,142.9E-6
95.09E-9,87.20E-6
95.09E-9,50.94E-6
95.10E-9,42.86E-6
95.10E-9,57.92E-6
95.10E-9,58.35E-6
95.10E-9,59.02E-6
95.10E-9,60.72E-6
95.10E-9,61.74E-6
95.10E-9,64.03E-6
95.10E-9,69.61E-6
95.10E-9,83.09E-6
95.11E-9,112.4E-6
95.11E-9,160.2E-6
95.12E-9,189.3E-6
95.13E-9,206.4E-6
95.14E-9,219.9E-6
95.15E-9,229.2E-6
95.17E-9,234.0E-6
95.19E-9,235.9E-6
95.20E-9,240.3E-6
95.22E-9,246.5E-6
95.23E-9,253.8E-6
95.26E-9,262.2E-6
95.30E-9,270.5E-6
95.35E-9,274.7E-6
95.42E-9,268.1E-6
95.52E-9,244.9E-6
95.64E-9,202.9E-6
95.81E-9,155.4E-6
96.03E-9,103.9E-6
96.22E-9,39.92E-6
96.43E-9,1.344E-6
96.52E-9,1.984E-6
96.69E-9,-1.346E-6
96.90E-9,976.3E-9
97.20E-9,-1.185E-6
97.50E-9,763.3E-9
97.50E-9,42.94E-6
97.50E-9,123.5E-6
97.50E-9,264.8E-6
97.50E-9,392.2E-6
97.50E-9,547.0E-6
97.51E-9,659.9E-6
97.51E-9,735.1E-6
97.52E-9,751.7E-6
97.53E-9,734.7E-6
97.53E-9,716.2E-6
97.53E-9,677.2E-6
97.54E-9,649.4E-6
97.54E-9,638.3E-6
97.54E-9,655.4E-6
97.54E-9,669.9E-6
97.55E-9,680.6E-6
97.55E-9,684.3E-6
97.55E-9,683.4E-6
97.55E-9,679.8E-6
97.55E-9,674.5E-6
97.55E-9,663.5E-6
97.55E-9,657.9E-6
97.55E-9,647.1E-6
97.55E-9,626.3E-6
97.55E-9,587.7E-6
97.55E-9,520.2E-6
97.55E-9,414.4E-6
97.55E-9,276.1E-6
97.56E-9,169.4E-6
97.56E-9,102.7E-6
97.56E-9,115.3E-6
97.57E-9,178.4E-6
97.57E-9,263.6E-6
97.57E-9,349.1E-6
97.58E-9,436.9E-6
97.58E-9,528.8E-6
97.59E-9,532.0E-6
97.60E-9,-287.0E-6
97.60E-9,-2.282E-3
97.61E-9,-5.996E-3
97.61E-9,-10.18E-3
97.61E-9,-11.37E-3
97.61E-9,-11.93E-3
97.61E-9,-12.20E-3
97.61E-9,-12.33E-3
97.61E-9,-12.58E-3
97.62E-9,-12.98E-3
97.62E-9,-13.20E-3
97.62E-9,-11.90E-3
97.62E-9,-9.737E-3
97.63E-9,-7.740E-3
97.63E-9,-5.595E-3
97.63E-9,-3.324E-3
97.64E-9,-1.725E-3
97.65E-9,-644.2E-6
97.65E-9,-12.39E-6
97.67E-9,297.6E-6
97.68E-9,360.1E-6
97.70E-9,312.3E-6
97.73E-9,248.8E-6
97.76E-9,188.2E-6
97.83E-9,128.3E-6
97.92E-9,91.08E-6
98.04E-9,64.34E-6
98.20E-9,46.37E-6
98.41E-9,32.80E-6
98.70E-9,23.50E-6
99.09E-9,16.52E-6
99.63E-9,11.90E-6
100.0E-9,9.761E-6
